Creator Name,Profile Link,Platform,Followers,Avg Views,Engagement Rate,Category,City,Age,Gender,Language,Rate per Reel (₹),Rate per Story (₹),YouTube Integration (₹),Past Brand Collabs
Keerthana Saxena,youtube.com/@keerthana.indo23?si=x72,Youtube,68928,8489,0.0842,"Food, Street Food",Indore,21,Female,Hindi / Hinglish,7500,3k,18k-24k,BrewBerry
Rahul J.,instagram.com/rahul_college68,Instagram,88.6K,19.5K,4.24%,"Lifestyle, College Life",Bengaluru,25,male,Kannada / Hinglish,DM for rates,"₹8,500",,
Kavya Arora,youtube.com/@kavya.delh25?si=x84,YT,"61,228",8.9K,1.61%,"Skincare, Haircare",New Delhi,25,female,Hindi,Rs. 10000,4500,DM for rates,
Varun Iyer,https://www.youtube.com/@varun.iyer,Youtube,6.2K,0.3K,3.92%,beauty and self care,Gurugram,23,M,Hindi / Hinglish,DM for rates,,₹500,
Rashi Joshi,instagram.com/rashibeng_official,Instagram,10.9K,8436,0.0562,comedy skits,Bangalore,24,female,Kannada / Hindi,9k,"₹4,500",,"ChaiCraft, QuickKart, HomeHaat"
Ishaan Nair,https://instagram.com/ishaan.gadgets.in?utm_source=qr,Instagram,19.8K,"9,691",4.08%,Gadgets,Bangalore,25,M,Kannada / Hinglish,14k,"₹6,500",,"QuickKart, PixelPhone"
Lavanya K. 🧿,https://www.instagram.com/lavanyamakeup/?igsh=MW3829,IG,203570,105.1K,1.59%,Skincare,Calcutta,28,Female,Bengali / Hinglish / Hindi,105k,"₹50,000",,ChaiCraft
Ananya Gupta,@ananya.mumb,YouTube,8.2 lakh,,1.99%,Fashion,Navi Mumbai,27,F,Marathi / Hindi,DM for rates,"₹27,000",430k,"UrbanDhaaga, ChaiCraft, HomeHaat"
Ananya Chatterjee,@ananya_official,YT,88.1K,22.7K,5.82%,Healthy Eating,Bengaluru,26,F,"Kannada, Hindi",29000,Rs. 8000,63k,
Anjali Bhatia,instagram.com/anjalistreet,IG,99.0K,"73,668",3.88%,"Food, Street Food",Bombay,,Female,Marathi,40k,12000,,SnackRiot
Kunal Bose,@kunalstand-up91,insta,70230,,2.96%,Skits,Chandigarh,25,male,Punjabi / Hinglish,12000,4500,,"ZipRide, GlowUp App"
Mumbai Lifestyle Diaries,instagram.com/anjali94,insta,"39,087",,3.64%,Vlogs,Navi Mumbai,23,F,"Marathi, English","₹23,000",,,ZipRide
Harsh Creates 🔥,harsh.mumb62,Instagram,299.2K,140087,1.1%,"Dance, Bollywood Dance",Navi Mumbai,25-29,M,"Marathi, English","₹98,000","₹26,000",,"ZipRide, ChaiCraft, GlowUp App"
Mohit D.,@mohit_mumb,Instagram,85.2K,"41,662",0.0435,lifestyle,mumbai,24,male,"Marathi, Hinglish",18k,"₹9,000",,"ZipRide, HomeHaat, QuickKart"
Ritu Cooks,https://www.youtube.com/@ritubhatia,Youtube,"43,123","2,871",2.48%,Food,Bangalore,25,F,"Kannada, English, Hindi",DM for rates,1k,7500,"SnackRiot, BrewBerry"
HARINI KULKARNI,https://www.instagram.com/harini_chan.in/?igsh=MW9749,Instagram,"4,664","3,350",0.0655,Funny,Chandigarh,24,female,Punjabi,"₹3,500","₹1,500",,GlowUp App
Karthik Malhotra,instagram.com/karthik.running,IG,556368,454.8K,3.55%,"Wellness, Running",mumbai,31,M,Marathi / English,470000,230000,,QuickKart
Yash B.,@yash.streams39,IG,10.9K,3383,2.99%,"Gaming, Streams",Gurgaon,17,M,Hindi / English,Rs. 3000,,,"GlowUp App, QuickKart"
Omkar Joshi,omkarstreams.in,Instagram,6.2K,4439,0.0540,"Video Gaming, Streams",Nagpur,18,male,"Marathi, Hinglish, Hindi",4k-5k,"₹1,000",,ChaiCraft
Isha Cooks,https://www.instagram.com/isha..in/?igsh=MW2344,IG,12.2K,7.7K,4.92%,"foodie, Restaurant Reviews",Pune,,female,Marathi,4k,,,"QuickKart, Kesar Kitchen Co, ChaiCraft"
Karan Shah 🍛,karan_offbeat,Instagram,6.2K,10.6K,-,travel vlogs,,29,Male,"Bengali, Hinglish",Rs. 10000,4000,,"TrailBharat, ChaiCraft"
Aanya Das,aanyadelh,insta,47.6 lakh,1.7M,1.5%,Funny,Delhi,23,female,"Hindi, English",DM for rates,595000,,ZipRide
Tara Kapoor,youtube.com/@tara_chan.in?si=x55,YT,7.2K,"1,397",-,Backpacking,Chandigarh,31,Female,Punjabi / English,"₹1,500",Rs. 500,Rs. 3500,ChaiCraft
Rohan Chauhan,instagram.com/rohan.beng.in,insta,52.7K,28903,4.06%,Finance,Bengaluru,,male,Kannada / English,Rs. 36000,12k-16k,,"StackSIP, CoinKaro, QuickKart"
Kabir Pillai,kabir.college_official,Instagram,4277,3313,0.0620,"Vlogs, College Life",Gurgaon,21,M,"Hindi, Hinglish",Rs. 3000,1500,,"ZipRide, GlowUp App"
Diy with Anjali,anjali_joshi,Instagram,5.5K,3.5K,0.0592,Home Decor,Gurugram,32,female,Hindi / English,1500,₹500,,"QuickKart, GlowUp App"
Mehak Bose,@mehak.delh.in,Instagram,5.9K,4491,0.0823,Bridal,Delhi NCR,26,F,Hindi / Hinglish,DM for rates,1000,,
The Diya Show,@diya_bose,Instagram,24.7K,8460,4.41%,Finance,Poona,,F,"Marathi, English","₹13,000",4k-5k,,
Nisha Ansari,https://www.youtube.com/@nisha_mumb,Youtube,3.6K,1.4K,8.78%,"Music, Indie",Bombay,23,F,Marathi / Hinglish,Rs. 1500,,1500,"ChaiCraft, ZipRide"
Zoya Naidu,instagram.com/zoya.,IG,"17,968",,4.91%,"FASHION, Thrift",Pune,26,F,Marathi / Hinglish / Hindi,11k,3k,,
Rashi A.,https://www.youtube.com/@rashi.ansari_official,Youtube,3185,"1,080",6.4%,finance tips,Delhi NCR,28,Female,Hindi / Hinglish,"₹1,500",500,"₹3,000",StackSIP
ARJUN GUPTA,@arjun.gupta_official,Instagram,"7,720",2.7K,3.54%,FASHION,BLR,23,Male,Kannada / English,1k,₹500,,ChaiCraft
Upsc with Harini,https://www.youtube.com/@harini__official,YT,"7,39,816",,-,Education,Poona,38,Female,"Marathi, English",120000,59000,"₹250,000",ZipRide
Tanvi Malhotra,tanvimalhotra_official,Instagram,5.3K,2.6K,4.75%,Yoga,Chandigarh,35,F,Punjabi / English,"₹2,000",₹500,,HomeHaat
Rahul Patel,@rahulpatel16,Instagram,88.3K,38417,4.47%,"Personal Finance, Crypto",Delhi NCR,35,M,Hindi,"₹64,000",20k-28k,,"LedgerLite, ZipRide"
Kritika Sharma,https://www.instagram.com/kritikamom/?igsh=MW4681,IG,8.6 lakh,383648,0.0202,Parenting,Hyderabad,29,Female,Telugu / English,335k-455k,Rs. 125000,,
WANDER WITH TARA,https://instagram.com/tara.iyer.in?utm_source=qr,insta,231958,76.0K,-,travel vlogs,Bombay,30,Female,Marathi,26k-36k,7k-10k,,
TANVI GUPTA,@tanvi.street,Youtube,293.9K,58.8K,2.71%,"food, Street Food",Cochin,33,female,"Malayalam, English",Rs. 74000,19k-25k,82k-110k,Kesar Kitchen Co
Jatin Das 🍛,https://www.instagram.com/jatin_delh.in/?igsh=MW2485,Instagram,14.5K,"3,995",1.28%,"gym, Nutrition",Delhi,25,M,Hindi,1500,,,"StrideOn, Pranaa Yoga Mats"
The Gaurav Show,@gaurav_chen.in,Instagram,46771,18.6K,2.72%,Fashion and Accessories,Madras,26,male,Tamil / Hinglish / Hindi,"₹19,000","₹6,000",,
Visakhapatnam Gaming Diaries,@siddharth_valorant_official,YT,16.4K,4.8K,0.0274,Video Gaming,Visakhapatnam,20,M,"Telugu, Hindi",1500,500,Rs. 9000,"ChaiCraft, QuickKart"
Aditya Shah,@aditya.bikes,Instagram,"2,441",3426,26.22%,Bikes,Bangalore,25,male,"Kannada, Hinglish",5k,"₹1,500",,ZipRide
Farhan Das,https://www.youtube.com/@farhan_das,Youtube,128.1K,"17,595",1.43%,Tech,Bangalore,25-29,M,Kannada / English,21k,8k,54k-74k,
Nikhil Chauhan,instagram.com/nikhil_chauhan.in,IG,346.3K,,3.65%,"Yoga, Gym",Secunderabad,22,male,Telugu,Rs. 69000,Rs. 28000,,"ProteinPeak, Pranaa Yoga Mats, FitBharat Nutrition"
Sana Nair,https://www.instagram.com/sanahaircare/?igsh=MW7701,insta,"86,172",39.6K,0.0334,"Beauty, Haircare",Kolkata,21,Female,Bengali / English / Hindi,20k-28k,"₹7,000",,
Ishaan S.,@ishaan.pc.in,YT,3.3K,513,19.9%,"Tech, Pc Builds",Bengaluru,30,M,Kannada / Hinglish / Hindi,1500,500,1k-2k,NovaBook
Rohan Khan,rohan_delh76,insta,463.1K,"64,269",1.71%,"Fitness, Yoga",New Delhi,31,male,Hindi,29k-39k,"₹17,000",,HomeHaat
Aditi Khan,@aditi.,Instagram,78090,,5.45%,"education, Science",Bombay,27,female,Marathi,45000,18k,,
Lavanya Nair,lavanya.mumb.in,Instagram,30.6K,24.1K,5.1%,"lifestyle, Minimalism",mumbai,25,F,"Marathi, English",20k,,,
Baking with Varun,instagram.com/varun_mehta36,IG,"6,311","1,606",8.85%,"Healthy Eating, Baking",Hyderabad,32,Male,Telugu,"₹1,500",500,,SnackRiot
Aditi Creates,https://instagram.com/aditi.mumb?utm_source=qr,Instagram,"29,325",21565,5.26%,"Home Decor, Diy",Mumbai,41,F,Marathi,"₹20,000",7500,,ChaiCraft
Meera Nair,https://www.instagram.com/meera_nair/?igsh=MW2918,Instagram,"212,178",57714,1.58%,Mom Blogger,Mumbai,29,F,Marathi / English / Hindi,"₹35,000",,,GlowUp App
Yash Gupta,instagram.com/yash_gupta.in,Instagram,535.1K,"2,90,177",2.59%,"Cars, Ev",Gurugram,32,Male,Hindi,435000,1.7L,,ZipRide
Kritika K.,instagram.com/kritika_khan.in,Instagram,8.1K,6006,8.31%,"Recipes, Baking",Delhi,31,F,"Hindi, English","₹2,500",1000,,GlowUp App
Chandigarh Finance Diaries,https://www.instagram.com/anjali_bhatia/?igsh=MW5178,insta,"18,361",15.4K,5.9%,Finance,Chandigarh,40,Female,Punjabi,Rs. 15000,5500,,StackSIP
Tanvi S.,@tanvisharma81,Instagram,4464,1.6K,-,parenting,mumbai,32,Female,Marathi,2k,500,,"HomeHaat, QuickKart"
Meera Reddy,instagram.com/meera.hyde,insta,25.4K,"12,104",-,Dance,Secunderabad,20,female,Telugu / Hinglish / Hindi,"₹8,500",2k-3k,,
Chandigarh Education Diaries,https://instagram.com/aman?utm_source=qr,Instagram,168072,"36,640",1.06%,education,Chandigarh,30,male,"Punjabi, English, Hindi",46000,"₹22,000",,"ZipRide, QuickKart"
Bengaluru Foodie Diaries,instagram.com/harini_singh_official,IG,"2,053",,0.0476,"Recipes, Baking, Street Food",Bengaluru,25,Female,"Kannada, Hinglish","₹1,500",500,,
Kavya Khan,@kavya.ethnic59,YouTube,91.5K,13228,0.0144,fashion & lifestyle,Madras,26,Female,"Tamil, Hinglish",Rs. 7000,2k-3k,DM for rates,HomeHaat
Sameer K.,https://www.youtube.com/@sameer_upsc26,YT,54846,"19,933",12.21%,education,New Delhi,30,M,Hindi / Hinglish,17k,4k-5k,32k-44k,
Aditya Chatterjee,@aditya_running,Youtube,106.7K,8.6K,0.0193,Wellness,,21,male,"Gujarati, English","₹5,500",1k-2k,14k,"FitBharat Nutrition, HomeHaat"
Vikram Das ✨,@vikrammumb.in,Instagram,18337,6.4K,3.01%,Technology,Bombay,22,male,Marathi,"₹8,500","₹2,500",,CircuitKart
Divya B.,https://instagram.com/divyaahme_official?utm_source=qr,IG,"4,598","2,077",7.91%,Beauty,Ahmedabad,31,Female,Gujarati,1500,₹500,,"ChaiCraft, ZipRide, Haldi Lab"
Vikram Joshi,https://www.instagram.com/vikramskits/?igsh=MW7332,Instagram,"33,214",20.2K,5.88%,Skits,Hyderabad,27,male,Telugu / English / Hindi,17k,7000,,
Anjali Reddy,https://instagram.com/anjaliethnic?utm_source=qr,Instagram,4534082,1488715,1.65%,"fashion & lifestyle, Ethnic Wear",Bangalore,31,Female,Kannada,DM for rates,515000,,GlowUp App
Tanvi Menon 🧿,@tanvi.pune.in,IG,"276,318",108.5K,-,Dance,Poona,25,Female,"Marathi, English, Hindi","₹79,000","₹39,000",,
Tushar Kulkarni,@tushar.kulkarni9,Instagram,8238,4630,3.06%,"Tech, Gadgets",Bhubaneswar,,M,"Odia, Hinglish, Hindi",4000,"₹1,500",,"NovaBook, PixelPhone"
Kavya B.,https://instagram.com/kavya..in?utm_source=qr,insta,"1,671,952",1.2M,2.08%,"FASHION, Thrift",BLR,24,F,Kannada / English / Hindi,"₹1,050,000",DM for rates,,"Loom & Lace, Kurtistan"
ARNAV RAO,instagram.com/arnav.mumb.in,IG,"167,485","1,24,696",2.77%,Mom Life,mumbai,29,Male,Marathi,175000,,,"ChaiCraft, QuickKart"
Tushar Joshi,https://instagram.com/tusharphones16?utm_source=qr,Instagram,8.3K,3.4K,-,"Gadgets, Phones",Jaipur,,male,"Hindi, English","₹3,000","₹1,000",,HomeHaat
Streetwear with Arnav,instagram.com/arnav..in,Instagram,2.8K,0.9K,0.0210,Fashion and Accessories,Delhi,30,male,Hindi / English,"₹1,500",₹500,,"SoleStory, UrbanDhaaga, ChaiCraft"
Bengaluru Comedy Diaries,@shreya,YouTube,71.7K,22613,5.39%,"Funny, Relatable",BLR,20-24,Female,Kannada,"₹10,000",4k,"₹56,000","ChaiCraft, GlowUp App, ZipRide"
Ananya M.,https://instagram.com/ananya_mehta97?utm_source=qr,insta,23.5K,"6,297",-,"Home Decor, Gardening",Indore,31,Female,Hindi,"₹3,000",1k,,"ChaiCraft, HomeHaat, ZipRide"
Nisha Pandey,https://instagram.com/nishastreetwear.in?utm_source=qr,Instagram,"7,47,278",591895,3.3%,Fashion,Gurgaon,31,Female,Hindi / Hinglish,"₹455,000","₹165,000",,"UrbanDhaaga, Kurtistan, HomeHaat"
Nisha Chauhan,https://www.youtube.com/@nisha_beng71,Youtube,"3,896",0.7K,7.65%,Fashion,Bengaluru,30,F,"Kannada, English, Hindi",1k,500,1k,"Loom & Lace, QuickKart, HomeHaat"
Ishita P. 💄,https://instagram.com/ishitamumb.in?utm_source=qr,Instagram,29.1K,"21,110",3.35%,"Luxury Travel, Offbeat India",Bombay,29,Female,Marathi,"₹15,000",4k-6k,,"ZipRide, HomeHaat"
The Ishita Show,https://www.instagram.com/ishitathrift/?igsh=MW9942,Instagram,"93,682",12499,2.71%,,Pune,24,Female,Marathi,"₹17,000",5k-7k,,SoleStory
Nisha Deshpande,nishadeshpande,insta,3.1K,"4,481",40.92%,Mom Blogger,Jaipur,33,Female,"Hindi, English",4k,"₹1,500",,
Mehak Creates,youtube.com/@mehak.sura.in?si=x91,YouTube,964059,"2,07,824",0.0311,Backpacking,Surat,24,Female,Gujarati,195000,51k-69k,535k,TrailBharat
Yash Pandey,instagram.com/yashpune,IG,2.3 lakh,"101,652",0.0268,food,Pune,29,male,Marathi / English / Hindi,"₹125,000",,,HomeHaat
Sai Reddy,instagram.com/saistartups.in,Instagram,72369,50801,0.0452,"Investing, Startups",Ahmedabad,32,M,"Gujarati, English",65k-87k,27k-37k,,"ChaiCraft, StackSIP, QuickKart"
Pooja M. 🌿,https://www.instagram.com/poojamumb/?igsh=MW3101,IG,32.2K,11585,2.01%,FASHION,mumbai,29,female,Marathi / Hinglish,7k-10k,,,GlowUp App
Neha S.,@neha_.in,Instagram,"6,782",3556,-,"Food & Cooking, Baking",Kochi,25,Female,"Malayalam, English","₹3,500",1000,,ZipRide
Mehak Reddy 💫,https://www.instagram.com/mehak/?igsh=MW3150,IG,2.4 lakh,157.0K,1.94%,FASHION,Hyderabad,,female,"Telugu, Hinglish, Hindi",205000,58000,,UrbanDhaaga
Rohan Shah,rohan_delh.in,Instagram,4.7K,1301,8.09%,Food & Cooking,Delhi,25,male,"Hindi, Hinglish",DM for rates,500,,"QuickKart, ChaiCraft"
The Shreya Show,instagram.com/shreyarestaurant,insta,160170,96857,2.51%,"Food, Restaurant Reviews",Gurgaon,28,female,Hindi / English,Rs. 110000,41k-55k,,"Crunchwala, ChaiCraft"
Zoya Pillai,youtube.com/@zoya_bhub_official?si=x32,Youtube,133454,"37,101",3.79%,"food, Baking",Bhubaneswar,25,female,Odia / Hindi,15k-21k,"₹7,000","₹66,000",
Jatin Banerjee,instagram.com/jatin_investing_official,insta,"244,404",170.1K,0.0273,"finance tips, Investing",Delhi,40,male,Hindi,"₹285,000","₹115,000",,
Mohit Bose,@mohit.bose.in,insta,11078,3456,0.0200,Wellness,Bangalore,30,Male,Kannada,3k-4k,,,Pranaa Yoga Mats
Swati Hegde,https://www.instagram.com/swati_hegde_official/?igsh=MW1357,Instagram,"2,073",641,4.68%,"travel vlogs, Offbeat India",Kolkata,25,F,"Bengali, Hinglish",Rs. 1500,₹500,,Wanderly
Isha Hegde,https://www.youtube.com/@isha82,Youtube,"2,758",643,0.0978,beauty and self care,BLR,23,female,"Kannada, Hinglish",Rs. 1500,₹500,1k,"HomeHaat, GlowUp App"
KARAN MEHTA,https://www.instagram.com/karan.mehta/?igsh=MW4558,Instagram,3879,1096,4.88%,fashion & lifestyle,Indore,24,Male,Hindi,"₹1,500",,,"ChaiCraft, GlowUp App"
The Tushar Show,youtube.com/@tushar_deshpande14?si=x86,YouTube,705079,"183,558",2.28%,Technology,Madras,24,M,Tamil / English,125k-165k,"₹49,000","₹540,000","PixelPhone, QuickKart"
Nikhil Iyer,instagram.com/nikhilstand-up,insta,"8,610","6,708",-,Funny,Pune,22,M,Marathi,DM for rates,2k,,ChaiCraft
Kunal Mehta,kunalmemes.in,IG,54.6K,11209,3.88%,"Funny, Memes",Gurugram,21,male,Hindi,"₹11,000",3k,,
Aarav Chatterjee 💄,https://www.instagram.com/aarav_hyde_official/?igsh=MW6229,IG,5.9K,,8.06%,Backpacking,Hyderabad,29,male,"Telugu, English",1500,500,,
Ritu M.,https://instagram.com/ritu.investing?utm_source=qr,IG,4363,,8.47%,Personal Finance,Visakhapatnam,24,F,Telugu / Hindi,2000,Rs. 500,,"GlowUp App, HomeHaat, PaisaWise"
Meera Reddy,https://www.instagram.com/meera.hyde/?igsh=MW4018,insta,"25,411",12.1K,0.0333,Dance,Secunderabad,20,Female,Telugu / Hinglish / Hindi,7k-10k,2k-3k,,
SANA MISHRA,youtube.com/@sana_guru?si=x55,YT,"3,937,895","5,19,011",0.0195,"Fitness, Yoga",Gurugram,28,F,Hindi / English,535000,"₹200,000",DM for rates,ZipRide
Vikram Creates,@vikram_hegde.in,IG,9.0K,3128,0.0854,gym,Hyderabad,28,Male,"Telugu, Hinglish","₹1,500",₹500,,QuickKart
Diya Bose,https://www.instagram.com/diyanutrition60/?igsh=MW5597,IG,5.8M,1.0M,2.22%,Health & Fitness,Bangalore,25,Female,Kannada / Hindi,"₹970,000",340k-460k,,GlowUp App
Mohit Sharma,@mohitsharma,Youtube,"157,166","47,851",3.18%,"food, Healthy Eating",Kochi,36,Male,"Malayalam, English, Hindi","₹17,000","₹7,000","₹135,000",
Isha Khan,ishabridal,Instagram,36.6K,6947,0.0502,"FASHION, Bridal",New Delhi,28,Female,"Hindi, English",5k-7k,,,"GlowUp App, HomeHaat, QuickKart"
Arnav Patel,instagram.com/arnavdad_official,insta,"7,567","1,981",5.39%,"Parenting, Dad Life",,38,Male,Hindi,2k-3k,1000,,ChaiCraft
Rashi Creates,rashi_iyer,Instagram,267947,111.0K,4.88%,Skits,,29,F,Hindi / Hinglish,Rs. 93000,,,"ZipRide, HomeHaat"
Swati Mishra,instagram.com/swati68,IG,"194,326","1,28,071",0.0193,"Fashion and Accessories, Menswear",Poona,23,F,Marathi / Hindi,115k,"₹38,000",,"ChaiCraft, GlowUp App"
Karthik I.,karthikmemes.in,insta,86308,"73,154",5.37%,"Skits, Memes",Indore,25,male,Hindi,33k-45k,"₹19,000",,QuickKart
Ritu G.,ritu97,Instagram,"13,939",5109,3.72%,Mom Blogger,Calcutta,32,Female,Bengali / English,"₹4,000","₹1,000",,QuickKart
Karan Verma 🌿,https://www.instagram.com/karan_kolk57/?igsh=MW2654,Instagram,26.6K,10713,3.63%,"Beauty, Skincare",Calcutta,28,Male,"Bengali, English, Hindi",17k,7k-10k,,"DewDrop Naturals, Haldi Lab"
The Pranav Show,@pranav.ahme,insta,"5,486",732,-,"Food, Restaurant Reviews",Ahmedabad,30,M,Gujarati / Hinglish,1500,500,,"GlowUp App, ZipRide, HomeHaat"
Divya Verma,https://instagram.com/divya.verma_official?utm_source=qr,Instagram,84482,41.9K,4.95%,"Food & Cooking, Street Food",Chennai,27,F,Tamil,"₹16,000",,,
Swati J.,@swati.joshi,Youtube,371790,102252,2.57%,Lifestyle,Hyderabad,28,F,"Telugu, Hindi","₹99,000",Rs. 41000,200k,ZipRide
Rashi Arora,https://www.instagram.com/rashiarora.in/?igsh=MW3675,Instagram,238811,"124,473",0.0370,Healthy Eating,Bengaluru,,Female,Kannada,93k,Rs. 32000,,"ZipRide, QuickKart, ChaiCraft"
Shreya Kapoor,https://instagram.com/shreya_kolk?utm_source=qr,insta,"610,513",118.2K,2.62%,FASHION,Kolkata,21,Female,Bengali,125000,55000,,
Nikhil Bose,https://www.instagram.com/nikhil./?igsh=MW4751,IG,"3,208",3.2K,0.2157,Funny,Bombay,21,Male,Marathi / English / Hindi,2k-3k,Rs. 1000,,ZipRide
Tushar Pandey,https://www.youtube.com/@tusharpandey_official,Youtube,23.9K,"3,025",2.35%,"Gaming, Bgmi",Navi Mumbai,24,M,"Marathi, Hinglish, Hindi",Rs. 1500,Rs. 500,DM for rates,"QuickKart, ZipRide"
BENGALURU BEAUTY DIARIES,instagram.com/nishanails.in,Instagram,39647,34.1K,5.02%,"Makeup / Skincare, Nails",BLR,28,F,Kannada / English,17k,5k-7k,,
Hip Hop with Aishwarya,youtube.com/@aishwaryadas_official?si=x12,Youtube,10.4K,4118,6.48%,"Dance, Hip Hop",Pune,28,F,Marathi / Hinglish,2k-3k,Rs. 1000,"₹9,500","ChaiCraft, QuickKart, ZipRide"
Zoya Creates,https://www.instagram.com/zoya.coding/?igsh=MW9539,Instagram,86497,12773,0.0279,education,Bombay,28,F,Marathi / English,"₹4,500",Rs. 2000,,"HomeHaat, ChaiCraft"
Aanya Chauhan,instagram.com/aanyanails97,Instagram,"26,535",19.5K,0.0405,"Beauty, Nails",Lucknow,28,female,Hindi / Hinglish,22k,"₹9,000",,
Diya Arora,youtube.com/@diya_relatable32?si=x78,Youtube,11994,"3,882",4.01%,comedy skits,Gurgaon,24,female,Hindi,1k-2k,500,6k-8k,"ZipRide, QuickKart"
Nandini R.,@nandinihyde_official,Instagram,"64,238",49.3K,0.0454,Beauty,Secunderabad,26,female,"Telugu, English",32k,15k,,"ZipRide, HomeHaat"
Tushar Gupta,youtube.com/@tushar.?si=x93,Youtube,"1,89,93,225",,1.0%,Music,Gurugram,25,male,Hindi,"₹6,650,000",24.5L,8700000,
The Aditi Show,@aditi_crypto,YT,2372,453,3.66%,"finance tips, Crypto",Chennai,28,Female,"Tamil, English, Hindi","₹1,500",500,"₹2,000",GlowUp App
Naveen Bose 🍛,instagram.com/naveen.home_official,Instagram,2.9M,"2,233,773",0.0198,"Recipes, Baking",New Delhi,28,M,Hindi,Rs. 1500000,,,Tiffin Tales
Payal Banerjee 🌿,instagram.com/payal_,insta,65303,"53,682",7.92%,Street Food,Chandigarh,35,Female,Punjabi,38k-52k,"₹17,000",,"ZipRide, HomeHaat, Crunchwala"
Riya Mishra,https://www.instagram.com/riyamishra_official/?igsh=MW8192,Instagram,1.7 lakh,"69,875",-,Food,Guwahati,32,F,"Assamese, English, Hindi",60k-80k,"₹33,000",,"ChaiCraft, BrewBerry"
Gadgets with Shreya,youtube.com/@shreyagadgets32?si=x43,YT,"1,82,845","32,291",1.62%,Tech,mumbai,31,female,Marathi / Hindi,Rs. 18000,"₹5,500",51k-69k,ZipRide
Keerthana Creates,keerthana_sharma10,Instagram,11.9K,5212,3.83%,"Education, English Speaking",Kolkata,34,Female,Bengali / English,"₹4,500",2000,,"ChaiCraft, QuickKart"
Omkar Chauhan,@omkarrestaurant,YouTube,"103,965","45,196",3.78%,foodie,mumbai,29,male,"Marathi, Hinglish",38k,"₹12,000",1.4L,Tiffin Tales
Streetwear with Ishita,@ishitaguwa.in,YouTube,5.3K,1.4K,0.0813,"Fashion and Accessories, Streetwear",Guwahati,25,Female,Assamese / Hinglish / Hindi,1500,₹500,DM for rates,Kurtistan
Karan Mehta,@karan.mehta,IG,3879,,4.88%,fashion & lifestyle,Indore,24,M,Hindi,"₹1,500",,,"ChaiCraft, GlowUp App"
Delhi Auto Diaries,https://instagram.com/naveen.26?utm_source=qr,insta,12.3K,1677,0.0020,"Automobiles, Bikes",Delhi,33,M,Hindi,"₹1,500",500,,"HomeHaat, ChaiCraft"
Mehak Gupta,@mehakupsc.in,Instagram,"8,89,563","1,65,535",3.3%,education,Secunderabad,40,Female,"Telugu, Hindi","₹100,000",29k,,"QuickKart, ChaiCraft, HomeHaat"
Aishwarya Malhotra,youtube.com/@aishwarya_science?si=x76,Youtube,"21,284","6,060",7.24%,"education, Science",Pune,30,F,Marathi,5000,DM for rates,8500,HomeHaat
Meera V.,https://www.instagram.com/meera_kolk/?igsh=MW2754,IG,2.2M,"749,738",0.0080,"beauty and self care, Skincare",Calcutta,23,Female,Bengali / English,405000,"₹175,000",,Blush Bazaar
Sai Deshpande,https://instagram.com/sai.in?utm_source=qr,insta,6.8K,4.7K,5.08%,Investing,New Delhi,36,M,Hindi,"₹8,500",,,"CoinKaro, ChaiCraft"
Arjun R.,arjun_mumb67,IG,16.7K,3.2K,4.39%,"lifestyle, Daily Vlogs",mumbai,26,M,Marathi / Hinglish / Hindi,2k,,,"ZipRide, HomeHaat, ChaiCraft"
Classical with Nikhil,nikhilclassical,insta,"2,369","2,144",7.8%,Singer,Madras,26,Male,Tamil / Hindi,"₹1,500",,,"ChaiCraft, HomeHaat"
Neha Reddy,https://www.youtube.com/@neha_sura.in,YouTube,"13,177",4183,0.1076,Makeup / Skincare,Surat,28,Female,"Gujarati, Hinglish, Hindi",5500,,8k,
THE PRIYA SHOW,priya.hyde,Instagram,46332,8.8K,2.46%,home decor,Hyderabad,27,Female,Telugu / English / Hindi,"₹6,000","₹2,000",,"HomeHaat, ChaiCraft, GlowUp App"
Aditya M.,@aditya_kolk,YouTube,53183,"18,411",0.0621,Fashion,Kolkata,31,Male,Bengali,22000,9k,Rs. 58000,
Anjali Gupta,anjali_nagp,Instagram,6663463,"41,76,226",1.44%,parenting,Nagpur,32,female,Marathi / English,3100000,1550000,,ZipRide
Thrift with Nandini,instagram.com/nandiniahme_official,insta,15404,10871,4.54%,"FASHION, Thrift",Ahmedabad,27,female,Gujarati / Hindi,11k-15k,4k-5k,,QuickKart
Gadgets with Gaurav 💫,@gauravpatel,YouTube,5.0K,864,0.1087,Gadgets,Jaipur,26,M,Hindi,1500,500,1500,NovaBook
Siddharth B.,siddharthbanerjee,IG,"4,338",7.5K,37.07%,Comedy,Navi Mumbai,23,male,"Marathi, Hinglish",3500,"₹1,000",,"QuickKart, GlowUp App"
Omkar Mishra,https://www.instagram.com/omkarguru.in/?igsh=MW7023,Instagram,"102,652",26089,1.44%,Gaming,,22,M,Hindi,"₹22,000",6k,,GlowUp App
The Ishaan Show,https://www.instagram.com/ishaan./?igsh=MW9137,Instagram,1.1 lakh,38.1K,1.78%,Investing,Indore,25-29,Male,Hindi / Hinglish,29000,14000,,
Arnav Kapoor,https://www.instagram.com/arnavgym/?igsh=MW2061,insta,55.0K,"35,746",0.0448,gym,Kolkata,28,Male,"Bengali, Hinglish",13k-17k,Rs. 4000,,
Farhan Bose,https://www.instagram.com/farhan_ahme/?igsh=MW5406,IG,29654,23600,0.0523,"Lifestyle, Minimalism",Ahmedabad,28,M,Gujarati / Hindi,20k-28k,,,ChaiCraft
Sana Saxena,instagram.com/sanadad88,insta,"49,257",24.9K,4.28%,"Mom Blogger, Dad Life",Delhi,35-39,female,Hindi,20k,DM for rates,,ChaiCraft
Chandigarh Gaming Diaries,instagram.com/karthik.bgmi_official,Instagram,"18,44,626",424.4K,1.53%,"Video Gaming, Bgmi",Chandigarh,20,Male,Punjabi / Hindi,"₹370,000",1.3L,,
The Manav Show,@manaviyer_official,Instagram,4435,"2,393",0.0424,Lifestyle,Delhi,25,male,Hindi / English,3k,1000,,"HomeHaat, GlowUp App, ZipRide"
Ananya Deshpande 🌸,@ananya_guru.in,YouTube,7.4K,"1,901",7.47%,"Beauty, Nails",Gurugram,25,female,Hindi,2k-3k,1500,3k-4k,QuickKart
Farhan Rao,instagram.com/farhanrao.in,IG,3.6K,1.8K,5.56%,"Education, English Speaking",BLR,26,male,Kannada / English,2k,,,QuickKart
The Pranav Show,instagram.com/pranav.ahme,Instagram,5.5K,732,0.0444,Food,Ahmedabad,30,male,"Gujarati, Hinglish",1k,₹500,,"GlowUp App, ZipRide, HomeHaat"
Ananya Menon,instagram.com/ananya_regional,insta,33127,6570,3.85%,Food & Cooking,Pune,21,female,"Marathi, English",6k,2k-3k,,"ChaiCraft, Tiffin Tales, Kesar Kitchen Co"
Aditi B.,@aditibose.in,YouTube,3.8K,1.6K,0.0970,"Parenting, Dad Life",Bangalore,36,female,"Kannada, English","₹1,500",,3k,"ChaiCraft, HomeHaat, ZipRide"
Gurugram Fashion Diaries 🌸,rishi_menswear_official,IG,"6,50,554",317.4K,0.0270,fashion & lifestyle,Gurugram,23,Male,Hindi,300k-400k,105000,,
Kolkata Family Diaries,@rashi_.in,IG,"4,257",1487,5.08%,Mom Blogger,Kolkata,28,Female,Bengali / English,Rs. 1500,₹500,,QuickKart
Pooja Kapoor,@poojakapoor,Instagram,141272,54590,0.0151,Fashion and Accessories,Guwahati,22,F,Assamese,"₹68,000",19k-25k,,SoleStory
Simran Gill,instagram.com/simran.in,Instagram,91014,,24.5%,Healthy Eating,Hyderabad,28,female,"Telugu, English",140k,40000,,Crunchwala
Payal Ansari,instagram.com/payal.ansari,Instagram,7990,4.1K,6.36%,Makeup / Skincare,mumbai,26,female,Marathi / English,4k-6k,"₹2,000",,Haldi Lab
Jatin Malhotra,https://www.youtube.com/@jatin.malhotra_official,YouTube,"2,001",282,7.55%,"Finance, Investing",Indore,27,M,Hindi,1500,Rs. 500,1000,"PaisaWise, GlowUp App, LedgerLite"
Aditi Saxena,@aditisaxena_official,YouTube,"6,26,735",198.1K,2.03%,"parenting, Kids Activities",Jaipur,34,Female,Hindi,Rs. 260000,"₹105,000",405k,
Diya Bhatia,@diyakolk44,YouTube,48.1K,,4.91%,"Music, Covers",Kolkata,23,F,Bengali / English / Hindi,6k,Rs. 2500,"₹44,000",
KAVYA CREATES,https://www.instagram.com/kavya.gill.in/?igsh=MW8139,insta,"24,646",10.7K,2.72%,Parenting,Navi Mumbai,35,F,"Marathi, English",Rs. 7000,"₹3,500",,"ZipRide, GlowUp App, HomeHaat"
Riya Kulkarni,@riya.kulkarni_official,Instagram,7.6K,"7,231",26.03%,Home Decor,Kolkata,30,Female,"Bengali, Hindi",Rs. 3000,,,
Jatin Shah,https://www.youtube.com/@jatinmumb,Youtube,"40,75,619",210824,0.0138,"food, Restaurant Reviews",Navi Mumbai,25,Male,Marathi / Hinglish / Hindi,155000,42k,"₹420,000",GlowUp App
The Pooja Show,https://instagram.com/pooja_kulkarni92?utm_source=qr,insta,"1,12,386",99469,3.15%,food,Hyderabad,25,female,"Telugu, English, Hindi",60k-80k,,,"Masala Mile, Tiffin Tales, BrewBerry"
Karan Gill,https://www.youtube.com/@karan_gill.in,YT,"3,92,987",60679,1.48%,Video Gaming,Dehradun,20,M,Hindi / Hinglish,20k,7000,145k,
Manav M. ✨,youtube.com/@manav.malhotra_official?si=x80,YT,"4,485",1.0K,5.37%,"Dance, Classical Dance",Bombay,28,Male,Marathi / English,"₹1,500",₹500,1k,"HomeHaat, GlowUp App"
Harini Mishra,https://instagram.com/harini_mishra?utm_source=qr,insta,"2,382",1323,3.89%,Backpacking,Delhi,29,Female,"Hindi, Hinglish",Rs. 1500,,,"GlowUp App, Wanderly, TrailBharat"
Bgmi with Dev,instagram.com/dev.delh97,Instagram,7.0K,"1,283",0.0506,Video Gaming,New Delhi,19,M,Hindi,1500,500,,ChaiCraft
Tara Iyer,@tara_pune_official,Instagram,21147,12518,4.24%,"beauty and self care, Makeup",Pune,27,F,Marathi,11000,,,
The Keerthana Show,instagram.com/keerthana.bhub.in,Instagram,"38,395",19.4K,0.0590,"fashion & lifestyle, Menswear",Bhubaneswar,22,Female,"Odia, Hinglish",Rs. 12000,,,HomeHaat
Keerthana Hegde 🎮,https://www.instagram.com/keerthana_hegde.in/?igsh=MW1100,insta,11.7K,6.2K,6.36%,Lifestyle,Ahmedabad,30,F,"Gujarati, English",Rs. 5000,,,GlowUp App
Rashi C.,youtube.com/@rashi__official?si=x94,YT,33711,3091,4.21%,"Recipes, Baking",Chennai,24,F,Tamil / Hinglish / Hindi,3k-4k,1k,4k-6k,SnackRiot
Tara Kulkarni,https://www.instagram.com/tara/?igsh=MW4058,IG,5.1K,"4,581",0.0808,Mom Blogger,Bengaluru,34,Female,Kannada,2k,,,
Tushar Iyer,@tushar_.in,YouTube,"2,256",323,9.3%,Music,Ahmedabad,23,male,Gujarati,1k,500,500,"GlowUp App, QuickKart"
The Nandini Show 🧿,instagram.com/nandinicoim,IG,"68,023",54.2K,0.1274,Dance,Coimbatore,22,Female,Tamil,51k-69k,22000,,QuickKart
Zoya P.,zoya_hyde_official,Instagram,5016,"2,156",5.33%,finance tips,Hyderabad,27,Female,"Telugu, English",2k,1k,,"LedgerLite, ZipRide, StackSIP"
Tanvi Creates,https://www.youtube.com/@tanvi_mumb.in,YT,"82,992","19,261",4.13%,Mom Blogger,Mumbai,39,Female,Marathi,27k,12k,45k-61k,
Nandini Mishra,youtube.com/@nandinimishra_official?si=x44,YT,46236,"9,609",0.0345,home decor,Delhi NCR,34,Female,"Hindi, English",4k-6k,1500,"₹13,000",ChaiCraft
Sai J.,sai.69,insta,93589,"76,646",5.18%,"travel vlogs, Road Trips",mumbai,27,M,Marathi / English,"₹72,000",DM for rates,,YatraBag
The Meera Show,@meera_.in,Youtube,10058,"6,575",16.13%,Healthy Eating,Madras,27,Female,Tamil,5500,,DM for rates,"ZipRide, Kesar Kitchen Co"
Bollywood Dance with Neha,youtube.com/@neha._official?si=x97,YT,"39,092",6991,1.32%,"Dance, Bollywood Dance",Vizag,24,Female,"Telugu, English","₹7,000",,Rs. 11000,"ChaiCraft, QuickKart, HomeHaat"
Healthy Eating with Kavya 💫,youtube.com/@kavyahealthy.in?si=x78,Youtube,27.1K,,4.73%,food,Jaipur,26,F,Hindi,"₹9,000",4k,"₹27,000",Tiffin Tales
Yash Arora 👩‍🍳,yash_mumb89,Instagram,7.6K,7.2K,15.54%,Travel,mumbai,29,M,"Marathi, Hinglish",Rs. 8000,,,TrailBharat
Vivaan Mishra,https://www.instagram.com/vivaan.nutrition_official/?igsh=MW1037,Instagram,6.5K,"4,051",4.83%,Yoga,Ahmedabad,31,male,"Gujarati, English",1500,,,FitBharat Nutrition
Mumbai Foodie Diaries,instagram.com/tanvi48,Instagram,2.8M,1.7M,3.03%,Healthy Eating,mumbai,32,F,Marathi,2000k,975k,,SnackRiot
Karan V.,https://instagram.com/karan_crypto_official?utm_source=qr,IG,46.0K,"9,587",3.73%,Personal Finance,Navi Mumbai,34,male,Marathi / English / Hindi,12k-16k,"₹5,000",,
Aman G. 🧿,instagram.com/aman.ahme15,insta,"616,399",,2.07%,,Ahmedabad,23,M,"Gujarati, Hinglish",Rs. 405000,1.2L,,
Farhan Kapoor,instagram.com/farhankapoor53,IG,"10,439","9,695",0.0665,comedy skits,New Delhi,24,male,"Hindi, English",Rs. 6000,2000,,
Dev Hegde,https://www.instagram.com/dev_/?igsh=MW6221,IG,11496,"3,285",5.13%,Beauty,Gurugram,20,Male,Hindi / Hinglish,3500,1500,,QuickKart
Priya Sharma,youtube.com/@priya.delh17?si=x72,Youtube,1.1 lakh,27558,0.0292,"Travel, Luxury",New Delhi,24,female,Hindi / Hinglish,33k,13k-17k,61k,"QuickKart, ZipRide, HomeHaat"
The Divya Show,@divya._official,IG,"17,087",11533,3.79%,"Dance, Classical Dance",Chennai,24,F,Tamil / Hinglish,DM for rates,"₹4,000",,
Jatin Ansari 💫,@jatin._official,IG,"4,613",3746,6.93%,"Cars, Bikes",Bengaluru,25,male,Kannada,"₹5,000","₹1,500",,
Rohan Bose 🎮,youtube.com/@rohan.bose?si=x49,YT,"12,151","2,196",2.78%,"Singer, Indie",Chandigarh,21,M,Punjabi,"₹2,000",1000,Rs. 5000,ChaiCraft
Varun G.,https://www.instagram.com/varunbeng_official/?igsh=MW9477,Instagram,23447,4749,3.59%,Comedy,BLR,21,Male,Kannada,2k-3k,"₹1,000",,HomeHaat
The Rishi Show,https://www.youtube.com/@rishi.personal.in,YouTube,58.3K,2657,3.02%,"finance tips, Personal Finance",Kolkata,33,male,Bengali,2k,500,Rs. 8500,"LedgerLite, ZipRide"
Siddharth K.,instagram.com/siddharth_.in,Instagram,2.5K,0.7K,8.43%,gym,Kolkata,29,M,Bengali,"₹1,500",₹500,,
Kavya Gupta,https://www.instagram.com/kavya.gupta.in/?igsh=MW2904,IG,109.1K,29.3K,2.57%,comedy skits,Bengaluru,24,female,Kannada / Hindi,15000,7000,,
Siddharth Bhatia,https://instagram.com/siddharth_beng?utm_source=qr,insta,9.6K,4.7K,3.79%,Lifestyle,Bengaluru,31,M,"Kannada, Hindi",5k,2k-3k,,"ZipRide, QuickKart, ChaiCraft"
Aman Chatterjee,instagram.com/aman_chatterjee.in,Instagram,215.3K,"1,93,332",3.12%,Comedy,Poona,19,M,"Marathi, Hinglish, Hindi",DM for rates,,,"ChaiCraft, GlowUp App, QuickKart"
Keerthana N.,https://instagram.com/keerthana_?utm_source=qr,insta,3.1K,2703,8.04%,"travel vlogs, Backpacking",Pune,32,Female,Marathi,DM for rates,DM for rates,,"QuickKart, ZipRide"
Kabir Gupta,https://www.youtube.com/@kabirinvesting11,YT,"3,294",324,5.81%,Personal Finance,Patna,26,Male,Hindi,Rs. 1500,500,"₹1,500",LedgerLite
Siddharth Khan,https://instagram.com/siddharthcars?utm_source=qr,Instagram,"63,652",36546,0.0598,Bikes,Kolkata,25,M,"Bengali, English, Hindi",43k-59k,18k,,ChaiCraft
Neha Das,https://instagram.com/nehabeng60?utm_source=qr,Instagram,22.3M,"8,899,599",0.0130,Healthy Eating,Bengaluru,24,F,"Kannada, Hinglish",4300k,1400k-1900k,,ZipRide
Harsh Chatterjee,instagram.com/harshchatterjee41,Instagram,6619,,0.0420,Technology,Bombay,26,M,"Marathi, Hindi","₹2,500",,,Voltbuds
Manav Nair,instagram.com/manav_nair,insta,23866,"9,811",3.85%,"food, Home Cooking",Delhi NCR,25,Male,Hindi / English,"₹11,000",3k,,ZipRide
Rashi K.,rashi.english,Instagram,31.1K,"23,051",4.01%,"education, English Speaking",Poona,30,F,Marathi / Hinglish / Hindi,"₹20,000",7500,,"HomeHaat, ZipRide"
Makeup with Meera,https://instagram.com/meeradas?utm_source=qr,Instagram,"1,490,815",352.7K,0.85%,Makeup,Delhi NCR,22,Female,Hindi,"₹245,000",,,"QuickKart, ChaiCraft, Blush Bazaar"
Tanvi Arora,youtube.com/@tanvi_chen?si=x23,YouTube,19972,6.0K,2.9%,"parenting, Dad Life",Chennai,31,Female,Tamil / Hinglish / Hindi,Rs. 8500,"₹3,500",11k,GlowUp App
Rahul Creates,@rahul_streetwear,YT,185.0K,38.8K,3.11%,"FASHION, Streetwear",Kolkata,24,M,"Bengali, Hinglish, Hindi",15k,4k-6k,68k-92k,"UrbanDhaaga, QuickKart"
Gaurav Naidu,https://www.youtube.com/@gauravnagp,YouTube,313535,57818,3.06%,"Mom Blogger, Mom Life",Nagpur,38,male,Marathi,Rs. 80000,28k,185k,"ChaiCraft, QuickKart"
Bengaluru Fashion Diaries,https://instagram.com/shreyaethnic.in?utm_source=qr,insta,8.6K,2933,5.74%,FASHION,Bengaluru,25,Female,"Kannada, English",2k,"₹1,000",,
Dev G.,https://instagram.com/dev.gupta82?utm_source=qr,Instagram,22.5K,16.6K,0.0518,"Food, Healthy Eating",Dehradun,28,Male,Hindi,16000,"₹6,500",,
Aanya Deshpande,https://www.instagram.com/aanyadeshpande.in/?igsh=MW9540,insta,19.9K,5.5K,4.02%,Dance,Hyderabad,23,F,Telugu,Rs. 4500,2k,,HomeHaat
Shreya Kapoor,instagram.com/shreya_kolk,IG,610.5K,"118,244",2.62%,FASHION,Kolkata,21,Female,Bengali,Rs. 125000,"₹55,000",,
Diya S. 💄,https://www.youtube.com/@diya__official,Youtube,"5,644",1000,0.0739,lifestyle,,29,Female,Hindi,1500,₹500,"₹1,500","QuickKart, GlowUp App, ChaiCraft"
Sai Nair,https://www.instagram.com/sai_minimalism_official/?igsh=MW8087,Instagram,315998,"98,780",2.65%,Vlogs,Secunderabad,21,Male,Telugu,"₹100,000",48000,,QuickKart
Tara Menon 🌿,https://www.youtube.com/@taraphones76,YT,"24,570",4.6K,0.0498,Tech,Secunderabad,30,female,Telugu,7k-9k,"₹3,000",8k,
Karthik K.,https://www.instagram.com/karthik.dad/?igsh=MW8722,Instagram,"11,644",9.4K,4.94%,Parenting,Chandigarh,35,male,"Punjabi, Hinglish",5000,Rs. 1500,,ZipRide
Pranav Sharma,instagram.com/pranavai,Instagram,"168,189",102.0K,1.53%,"Technology, Ai Tools",BLR,31,M,Kannada / Hindi,Rs. 155000,"₹65,000",,"HomeHaat, CircuitKart, QuickKart"
Karan Banerjee,instagram.com/karan.ai,insta,"4,027,983",2.0M,1.73%,Gadgets,Lucknow,34,male,"Hindi, Hinglish",32.0L,,,GlowUp App
Rashi Das,https://www.instagram.com/rashivisa/?igsh=MW5806,insta,8.6K,1.6K,7.03%,Home Decor,Vizag,28,female,Telugu / English / Hindi,1k,₹500,,GlowUp App
Lavanya Khan,lavanya_amri.in,IG,"8,892","6,391",7.18%,"Backpacking, Luxury",Amritsar,32,Female,Punjabi / Hinglish / Hindi,7k-10k,"₹2,500",,
Karan Shah,https://instagram.com/karan_offbeat?utm_source=qr,Instagram,6.2K,"10,609",37.99%,travel vlogs,Calcutta,29,Male,Bengali / Hinglish,"₹10,000","₹4,000",,"TrailBharat, ChaiCraft"
Kolkata Gaming Diaries,youtube.com/@aman.valorant_official?si=x87,Youtube,33290,"3,676",4.85%,Gaming,Kolkata,23,Male,Bengali,2k,"₹1,000",6k,"GlowUp App, ZipRide"
Kavya Deshpande,@kavyadeshpande,insta,"52,080","12,501",3.34%,Travel,Mumbai,27,female,"Marathi, English",15k,,,"ZipRide, HomeHaat"
Diya Shah,@diya_skincare,Instagram,"23,145",11214,3.69%,Skincare,BLR,24,F,Kannada,"₹16,000",,,Haldi Lab
Patna Fashion Diaries 🏔️,instagram.com/amanpatn21,Instagram,37353,23.2K,5.43%,"FASHION, Menswear",Patna,23,male,"Hindi, English",14000,4k-5k,,UrbanDhaaga
Jatin Deshpande,https://instagram.com/jatin.pc?utm_source=qr,IG,3258,2209,-,Tech,New Delhi,24,Male,"Hindi, English","₹4,000","₹2,000",,"CircuitKart, QuickKart, NovaBook"
Valorant with Omkar,@omkar.saxena_official,IG,"11,914",9377,0.0528,"Gaming, Valorant",Kolkata,22,M,Bengali,"₹7,000","₹3,500",,ZipRide
Payal Bhatia,https://www.youtube.com/@payal_bhatia_official,YouTube,"5,24,379","169,358",0.0233,"home decor, Diy",Visakhapatnam,35,F,Telugu / Hinglish / Hindi,2.4L,"₹120,000",310k,ZipRide
Personal Finance with Yash,@yashpersonal4,YT,2600,1010,7.69%,"finance tips, Personal Finance",Mysore,33,male,Kannada / English,"₹1,500",500,3k,
Nikhil Verma,https://instagram.com/nikhilverma79?utm_source=qr,Instagram,713.6K,"267,906",3.07%,"Gaming, Bgmi",,23,male,Hindi / Hinglish,300000,"₹89,000",,"ZipRide, HomeHaat"
Tara Creates 🏔️,https://www.youtube.com/@taramishra_official,Youtube,65868,17.7K,5.16%,fashion & lifestyle,Indore,25,Female,Hindi,Rs. 17000,"₹8,500",Rs. 31000,
Kavya Singh,https://instagram.com/kavya_?utm_source=qr,insta,6.5K,"4,644",6.99%,Beauty,,25,Female,Telugu / English,"₹3,500",1k,,DewDrop Naturals
Isha Saxena,https://instagram.com/isha_daily_official?utm_source=qr,Instagram,"1,52,892","86,730",2.95%,Vlogs,Coimbatore,20,Female,Tamil / English / Hindi,38k,Rs. 14000,,HomeHaat
Classical Dance with Sneha,https://instagram.com/snehapandey?utm_source=qr,insta,3384,978,3.06%,Dance,Kolkata,18,Female,"Bengali, Hindi",1k,₹500,,QuickKart
PC BUILDS WITH OMKAR,https://instagram.com/omkar.sura82?utm_source=qr,IG,118.0K,"42,931",0.0077,Technology,Surat,30-34,M,Gujarati / Hindi,"₹40,000",Rs. 17000,,Voltbuds
THE KUNAL SHOW,https://instagram.com/kunal?utm_source=qr,Instagram,5091,3.5K,9.23%,"Dance, Bollywood Dance",Pune,23,Male,Marathi / Hindi,"₹3,500","₹1,500",,GlowUp App
Ananya Kapoor,ananya_daily64,Instagram,"3,675",351,0.83%,"lifestyle, Daily Vlogs",Ahmedabad,23,female,Gujarati,1500,500,,"QuickKart, HomeHaat"
RAHUL GILL,https://www.youtube.com/@rahul.mumb.in,YouTube,59.7K,32619,0.1708,"Tech, Phones",Bombay,26,male,Marathi / Hindi,53k,17k,Rs. 55000,NovaBook
Divya Kulkarni,https://instagram.com/divya.guwa?utm_source=qr,insta,3.3K,0.9K,7.24%,"Gaming, Streams",Guwahati,21,F,Assamese / English,"₹1,500",Rs. 500,,
Shreya Hegde,https://www.instagram.com/shreya_hyde_official/?igsh=MW3594,IG,"27,523",,3.21%,Luxury Travel,Hyderabad,25,female,"Telugu, Hindi",Rs. 4500,,,"StayNest, HomeHaat"
Rashi Shah,https://www.instagram.com/rashi_dehr/?igsh=MW8936,IG,"4,51,514",256.6K,1.24%,Wellness,Dehradun,30,Female,"Hindi, Hinglish",175000,86k,,QuickKart
Indie with Pranav,@pranav.indie14,Instagram,5.1K,"2,979",4.91%,Singer,,31,M,Hindi / Hinglish,Rs. 2500,1k,,"QuickKart, HomeHaat, GlowUp App"
Sameer Creates,@sameer.beng,Youtube,"3,328",0.2K,3.65%,Personal Finance,Bengaluru,24,Male,Kannada,"₹1,500",Rs. 500,500,
Aanya Mehta 👩‍🍳,https://www.youtube.com/@aanyamumb,Youtube,"2,769",839,-,Skincare,Navi Mumbai,23,female,"Marathi, Hindi",1500,,2k,QuickKart
Ishita H.,ishita_phones,Instagram,113845,"78,030",0.0259,Gadgets,Bangalore,33,Female,Kannada,"₹62,000",Rs. 20000,,"CircuitKart, QuickKart, GlowUp App"
Harsh Hegde 🔥,https://www.instagram.com/harsh.hegde/?igsh=MW6840,Instagram,"4,10,046",125.3K,2.78%,"Gaming, Valorant",Navi Mumbai,21,Male,Marathi,"₹89,000",20k-28k,,ZipRide
Isha Arora,@isha.chan_official,Instagram,2.6 lakh,"47,247",2.8%,"foodie, Baking",Chandigarh,32,Female,Punjabi,"₹26,000",DM for rates,,Masala Mile
Yash Reddy,instagram.com/yash.reddy_official,insta,"1,101,557","803,262",2.02%,"FASHION, Bridal",Cochin,,Male,Malayalam,"₹910,000","₹430,000",,GlowUp App
Home Cooking with Ishita,https://www.youtube.com/@ishita_,YouTube,1.5 lakh,32.4K,0.0191,"Food & Cooking, Home Cooking",Ahmedabad,34,female,Gujarati / Hinglish,24k,9k-13k,DM for rates,QuickKart
Nisha Kulkarni,https://instagram.com/nisha_chen.in?utm_source=qr,Instagram,85.8K,28.4K,0.0383,"Fashion, Streetwear",Madras,26,female,"Tamil, English",36000,DM for rates,,"ZipRide, QuickKart, HomeHaat"
Yash R.,yash.rao_official,Instagram,"182,685",63.0K,1.93%,"education, English Speaking",Jaipur,28,male,Hindi,Rs. 47000,"₹20,000",,"GlowUp App, QuickKart, ZipRide"
Kritika G.,@kritika.guru,insta,14031,6.8K,2.98%,"beauty and self care, Nails",Gurgaon,21,F,Hindi,10000,,,"Haldi Lab, ChaiCraft"
Tara A.,https://www.instagram.com/tara_chen/?igsh=MW6127,Instagram,"8,797","5,263",6.76%,"Recipes, Baking, Street Food",Madras,35,F,Tamil,Rs. 4000,DM for rates,,
ARJUN REDDY,youtube.com/@arjun.backpacking?si=x33,YouTube,66934,4861,3.27%,Luxury Travel,Madras,31,male,Tamil / Hindi,"₹2,000",1000,6k,
Sneha Gill,sneha.gill,Instagram,20649,"12,646",0.0404,"Parenting, Dad Life",Madras,40,F,Tamil / Hinglish,"₹16,000",6k-8k,,ZipRide
Kids Activities with Rashi,https://www.youtube.com/@rashimehta91,YT,289106,78458,0.0149,"Mom Blogger, Kids Activities",Lucknow,36,Female,"Hindi, Hinglish",36k,9k-13k,"₹120,000","ZipRide, GlowUp App, ChaiCraft"
CHENNAI TRAVEL DIARIES,https://www.instagram.com/nisha.iyer/?igsh=MW8038,IG,82.5K,"61,216",6.25%,travel vlogs,Madras,32,Female,Tamil,Rs. 83000,Rs. 41000,,"ZipRide, HomeHaat, Wanderly"
Vikram Sharma,youtube.com/@vikramtreks?si=x22,Youtube,26.8K,"6,712",4.7%,Backpacking,Bangalore,29,M,Kannada / English,8k,2k-3k,15k-21k,"YatraBag, ChaiCraft, GlowUp App"
Lavanya B.,lavanya.upsc,Instagram,14.5K,"6,747",0.0220,"Education, Upsc",Ahmedabad,33,female,"Gujarati, Hindi",2k-3k,1000,,
Dev Sharma,@dev.in,Youtube,41.7K,5.0K,0.0196,Backpacking,Jaipur,26,Male,Hindi / English,"₹4,500",2k,12000,TrailBharat
Tushar Mehta,https://instagram.com/tushar_yoga?utm_source=qr,Instagram,"10,033",,2.19%,gym,BLR,23,M,Kannada / Hinglish,4000,1k,,ChaiCraft
Aishwarya Chauhan,youtube.com/@aishwarya.hyde?si=x57,Youtube,441.3K,34.9K,3.3%,"Tech, Gadgets",Hyderabad,24,Female,Telugu / Hindi,18k,"₹9,000",73k-99k,"ZipRide, QuickKart"
RIYA BOSE,@riya_.in,IG,"47,144",24765,4.65%,"Personal Finance, Startups",Calcutta,27,Female,Bengali / Hinglish / Hindi,"₹41,000","₹16,000",,
MEHAK M.,https://www.instagram.com/mehaknails/?igsh=MW6559,Instagram,"3,229",898,0.0239,"beauty and self care, Nails",New Delhi,27,F,Hindi / English,"₹1,500",500,,
Neha Rao,@nehaluxury30,IG,3098,2.3K,0.0668,Luxury Travel,BLR,24,F,"Kannada, Hinglish",3000,"₹1,000",,"QuickKart, TrailBharat"
Tushar G.,https://www.instagram.com/tushar.restaurant_official/?igsh=MW7088,IG,77166,41.3K,5.2%,Street Food,Bengaluru,25,M,Kannada / Hindi,"₹52,000",,,
Zoya Chauhan,youtube.com/@zoya_hip92?si=x97,YT,"1,79,220","29,487",0.0225,Dance,Bangalore,21,Female,"Kannada, Hindi",12k,"₹3,500",62k,"ChaiCraft, HomeHaat"
Rohan Iyer,rohaniyer.in,IG,"577,719",182.9K,3.36%,Comedy,,22,male,"Assamese, Hindi",115k,"₹48,000",,ChaiCraft
Harsh Kapoor,harshkapoor,IG,"13,293",,0.0344,gym,Bengaluru,31,male,Kannada,"₹9,000","₹3,000",,
Karthik S.,karthikmumb,IG,9522,"4,074",0.0548,Backpacking,Bombay,30,male,"Marathi, Hinglish",4k-6k,2k-3k,,QuickKart
Aanya Ansari,aanya.pune,Instagram,"62,046",24.5K,0.0379,"Parenting, Mom Life",Poona,35-39,F,Marathi / English,28000,7500,,"ChaiCraft, GlowUp App"
Kabir Verma,https://www.youtube.com/@kabir_ahme,Youtube,396487,"106,429",1.54%,"finance tips, Startups",Ahmedabad,36,Male,Gujarati / English,"₹135,000",,185k-245k,ChaiCraft
Jatin Kapoor,@jatin_street92,Instagram,"56,730",25.3K,2.53%,,Delhi,30,Male,"Hindi, English","₹26,000",,,
Jatin Banerjee 💫,jatin_investing_official,Instagram,"244,404","170,053",0.0273,finance tips,Delhi,40,male,Hindi,285000,DM for rates,,
The Kritika Show,https://www.instagram.com/kritikaupsc38/?igsh=MW7425,insta,13309,5.8K,2.22%,"Education, Upsc",Cochin,31,Female,Malayalam / Hinglish,4k,Rs. 1500,,GlowUp App
Isha Bhatia ✨,instagram.com/ishacollege28,Instagram,105267,17.7K,0.0184,lifestyle,Nagpur,27,F,"Marathi, Hinglish",Rs. 20000,9k,,ZipRide
Indore Fashion Diaries,https://www.instagram.com/kritika_indo_official/?igsh=MW1327,Instagram,641.9K,303.9K,0.0209,,Indore,20,F,"Hindi, Hinglish",260k,69000,,"ZipRide, Kurtistan, HomeHaat"
Aman Khan,https://instagram.com/aman_.in?utm_source=qr,Instagram,"9,377",7.5K,9.62%,Video Gaming,Guwahati,22,M,Assamese / Hinglish,7k,3k,,"ZipRide, QuickKart"
The Isha Show,instagram.com/isha.delh.in,insta,8.3 lakh,"5,18,720",3.15%,"Luxury Travel, Treks",Delhi,27,Female,"Hindi, English",265000,Rs. 81000,,
Kabir S.,@kabir.mumb,IG,"32,542","12,587",0.0443,finance tips,Bombay,26,Male,"Marathi, Hindi",Rs. 10000,3k-4k,,"ChaiCraft, QuickKart"
Anjali C.,https://www.instagram.com/anjali_kolk/?igsh=MW2815,IG,37.8K,26.8K,3.75%,"Travel, Treks",Kolkata,23,F,"Bengali, Hinglish",Rs. 36000,,,"Wanderly, QuickKart"
The Rashi Show,https://www.youtube.com/@rashiguru11,YouTube,75.4K,33.6K,6.33%,Skits,Gurugram,24,Female,"Hindi, English",37k,DM for rates,49k-67k,
Guwahati Fitness Diaries 🔥,https://instagram.com/kabirnutrition?utm_source=qr,Instagram,465.9K,1.2 lakh,1.8%,gym,Guwahati,23,male,"Assamese, Hinglish",Rs. 145000,38000,,"StrideOn, ZipRide"
Divya R.,@divya.reddy_official,Instagram,"57,184",17728,0.0479,foodie,Kolkata,26,female,Bengali / English,22k,,,"BrewBerry, Tiffin Tales"
Yash Verma,yashnagp.in,Instagram,2.5K,729,2.17%,travel vlogs,,22,male,Marathi / English,Rs. 1500,500,,"QuickKart, HomeHaat, Wanderly"
Omkar C.,instagram.com/omkar.,IG,10.0K,2761,0.0344,"Makeup / Skincare, Haircare",Hyderabad,,male,"Telugu, Hindi",1k-2k,1k,,Blush Bazaar
PRANAV SAXENA,youtube.com/@pranav_saxena?si=x94,YT,8.4K,978,4.05%,"education, Science",Delhi NCR,35,male,"Hindi, Hinglish",Rs. 1500,500,Rs. 1500,
Keerthana Mishra,https://www.instagram.com/keerthana.covers_official/?igsh=MW8262,insta,47299,19244,2.87%,"Music, Covers",Bengaluru,,Female,Kannada / Hinglish,Rs. 22000,"₹7,000",,"ChaiCraft, QuickKart"
Shreya Joshi,https://www.instagram.com/shreyabeng.in/?igsh=MW1917,Instagram,"29,339",11.5K,-,Fashion and Accessories,Bangalore,25,Female,Kannada,4k,DM for rates,,
Diya Kulkarni,instagram.com/diya_kulkarni,Instagram,6.2K,4761,6.52%,Technology,Surat,30,female,Gujarati,6k,"₹2,000",,
Ishita P.,ishitamumb.in,insta,29.1K,21.1K,3.35%,Luxury Travel,Bombay,29,F,Marathi,13k-17k,5k,,"ZipRide, HomeHaat"
Vikram Menon,https://www.instagram.com/vikram.ahme19/?igsh=MW2713,IG,1.5M,648.6K,0.0156,"Vlogs, College Life",Ahmedabad,23,male,Gujarati,"₹270,000",115000,,"ZipRide, ChaiCraft, HomeHaat"
Video link,https://youtu.be/abc123XYZ,YouTube,,,,,,,,,,,,
RIYA M.,instagram.com/riya.mumb,Instagram,2.1K,774,4.38%,"Home Decor, Diy",Mumbai,38,female,Marathi,1500,Rs. 500,,
THE SWATI SHOW,swatiansari_official,insta,36347,"26,275",3.21%,Makeup / Skincare,mumbai,24,F,"Marathi, English",32k,Rs. 8500,,
Mohit Verma,https://instagram.com/mohit.verma?utm_source=qr,insta,"2,754",1.2K,0.0304,"Gaming, Bgmi",Gurgaon,19,Male,"Hindi, Hinglish","₹1,500",,,HomeHaat
Aarav Iyer,instagram.com/aarav_official,insta,15.1M,"11,469,116",1.67%,Travel,Hyderabad,28,M,"Telugu, English","₹16,000,000",3550k-4850k,,GlowUp App
Jatin Nair,@jatin.nair,insta,"52,286",17.1K,16.58%,"Street Food, Home Cooking",Calcutta,31,M,Bengali,10k-14k,"₹4,000",,"Kesar Kitchen Co, QuickKart, Crunchwala"
Pune Beauty Diaries,instagram.com/keerthanapune.in,IG,"3,85,334","55,695",1.87%,Skincare,Pune,29,female,Marathi / English,51k,"₹20,000",,"ChaiCraft, ZipRide, HomeHaat"
Dev Nair,https://www.youtube.com/@dev_home,YT,887.3K,161402,2.78%,"food, Home Cooking",Bengaluru,29,Male,"Kannada, English, Hindi",150000,73k,Rs. 330000,Crunchwala
Divya Kapoor,instagram.com/divyakapoor.in,IG,499423,349885,2.3%,Yoga,Jaipur,26,F,Hindi,170000,71000,,Pranaa Yoga Mats
Pranav I.,https://www.youtube.com/@pranav_mumb,YT,2.2M,"548,427",-,"Lifestyle, Minimalism",Navi Mumbai,27,Male,Marathi,250k-340k,91k,14.5L,"QuickKart, GlowUp App, ChaiCraft"
Mumbai Gaming Diaries,instagram.com/pranav_chatterjee,Instagram,"65,858",32901,0.0581,"Video Gaming, Bgmi",mumbai,21,Male,Marathi,10k,2k-3k,,"ZipRide, HomeHaat"
Zoya C.,instagram.com/zoya..in,Instagram,350.2K,131.9K,0.61%,Wellness,,24,F,"Hindi, Hinglish","₹84,000",,,"StrideOn, Pranaa Yoga Mats, GlowUp App"
RELATABLE WITH KUNAL,@kunal_jaip55,IG,"8,689",2875,3.91%,"Comedy, Relatable",Jaipur,30-34,Male,"Hindi, Hinglish",DM for rates,Rs. 1000,,"ChaiCraft, GlowUp App"
Phones with Rishi,@rishi_chatterjee_official,YT,5.4K,,0.0715,Phones,Madras,30,male,"Tamil, Hinglish",1500,500,3k,Voltbuds
Pooja Gupta,pooja.,Instagram,519787,1.6 lakh,2.29%,"Education, Science",Mumbai,28,female,Marathi,"₹70,000",22k,,"GlowUp App, QuickKart, HomeHaat"
Hip Hop with Rahul,https://instagram.com/rahul_?utm_source=qr,IG,6.5M,920600,0.73%,Dance,Bombay,17,male,Marathi / Hindi,685k-925k,Rs. 255000,,QuickKart
Gaurav Chauhan,instagram.com/gaurav_road.in,IG,7761,"4,441",6.78%,Luxury Travel,Bombay,31,Male,Marathi / Hindi,3500,1000,,Wanderly
Diya Verma,instagram.com/diyachan50,Instagram,918701,520.6K,0.0322,foodie,,37,female,Punjabi / Hinglish,440k,115k-155k,,HomeHaat
Sana Gupta,@sana.beng.in,Instagram,3.3K,756,0.0648,"Wellness, Yoga",BLR,32,Female,Kannada / Hinglish,1500,₹500,,
Sameer G.,https://instagram.com/sameer.?utm_source=qr,Instagram,4.7K,1614,7.56%,Technology,Cochin,29,M,Malayalam / Hindi,Rs. 2000,500,,CircuitKart
Sana Hegde,https://instagram.com/sana__official?utm_source=qr,insta,7607,2.3K,0.0606,Fitness,Chandigarh,31,Female,"Punjabi, Hinglish","₹1,500",Rs. 500,,HomeHaat
Ishita S.,youtube.com/@ishita.makeup?si=x59,Youtube,6636,1837,0.0515,Makeup / Skincare,Mysore,27,Female,Kannada,1500,500,Rs. 3000,"DewDrop Naturals, Blush Bazaar, GlowUp App"
Arnav Khan,https://instagram.com/arnav?utm_source=qr,Instagram,5.6K,4422,0.0745,"Wellness, Yoga",Hyderabad,29,M,Telugu / English,2k,"₹1,000",,"GlowUp App, Pranaa Yoga Mats"
Omkar V.,instagram.com/omkar_verma,IG,"1,262,235","6,43,771",2.34%,Healthy Eating,Bengaluru,35,M,"Kannada, English",Rs. 560000,220k,,"BrewBerry, ZipRide"
Omkar Mishra,https://www.instagram.com/omkarguru.in/?igsh=MW9213,Instagram,102.7K,26.1K,0.0144,"Gaming, Valorant",Gurgaon,22,male,Hindi,22000,6k,,GlowUp App
Lavanya Patel,@lavanya82,insta,3.3K,"2,188",0.0568,"fashion & lifestyle, Streetwear",mumbai,23,Female,"Marathi, English, Hindi","₹1,500",Rs. 500,,
Pooja I. 🧿,@poojaiyer_official,YouTube,"83,018",3.2K,1.22%,"Fashion and Accessories, Thrift",Cochin,27,female,"Malayalam, English",4k,"₹1,000",7000,ZipRide
Unknown creator,https://www.instagram.com/p/C9xAbC123/,Instagram,,,,,,,,,,,,
Karan Bhatia,karan.bhatia,IG,161012,67.5K,1.62%,"Gaming, Streams",Indore,20,male,"Hindi, English","₹40,000","₹15,000",,HomeHaat
Aman Chatterjee,@aman_chatterjee.in,insta,2.2 lakh,,3.12%,"Comedy, Memes",,19,male,"Marathi, Hinglish, Hindi",195000,"₹90,000",,"ChaiCraft, GlowUp App, QuickKart"
Riya A.,https://instagram.com/riya?utm_source=qr,insta,61097,22017,0.0696,comedy skits,Hyderabad,22,female,"Telugu, English, Hindi",15k-21k,6k,,HomeHaat
Payal R.,youtube.com/@payalminimalism?si=x30,YouTube,"6,80,061",203.4K,2.1%,"Lifestyle, Minimalism",Hyderabad,25,Female,"Telugu, Hinglish",165k-225k,81k,Rs. 505000,"HomeHaat, ZipRide"
LAVANYA CREATES,@lavanya.das_official,Youtube,14.2K,"3,446",4.96%,beauty and self care,Poona,28,Female,Marathi / Hinglish / Hindi,"₹5,000",1k-2k,"₹13,000",
The Aishwarya Show,https://www.youtube.com/@aishwarya.chauhan4,Youtube,"16,078",,0.0719,"Food, Baking",Delhi NCR,30,female,Hindi / English,2k-3k,1000,12k-16k,
Pune Comedy Diaries,https://www.instagram.com/ishaan_pune.in/?igsh=MW3922,Instagram,42.0K,10.4K,6.23%,Skits,Pune,25,M,Marathi / English / Hindi,"₹5,500",Rs. 2000,,QuickKart
Jatin Naidu,https://instagram.com/jatin_delh?utm_source=qr,insta,46448,"29,782",0.0482,Makeup / Skincare,New Delhi,24,M,Hindi / Hinglish,"₹17,000",4k-5k,,QuickKart
Gaurav Hegde,https://www.youtube.com/@gauravhegde,YouTube,35.0K,12.3K,5.33%,"Healthy Eating, Street Food",Surat,24,Male,Gujarati / English,"₹16,000",4k-5k,32k,"Crunchwala, QuickKart"
Aishwarya Pandey,https://www.youtube.com/@aishwarya.in,YouTube,"5,925",638,1.47%,"Health & Fitness, Gym",Bombay,30,Female,Marathi / English / Hindi,Rs. 1500,500,"₹1,000",
GAURAV S.,instagram.com/gaurav.gadgets89,Instagram,21.2K,"18,937",5.34%,Gadgets,Hyderabad,32,male,Telugu,27k-37k,15k,,"ChaiCraft, CircuitKart, NovaBook"
Riya Creates,youtube.com/@riya.verma_official?si=x42,Youtube,25467,"6,296",2.65%,Fashion and Accessories,mumbai,29,Female,Marathi / English,2k,1000,11000,
Rashi Arora,https://www.instagram.com/rashiarora.in/?igsh=MW4337,insta,238811,"124,473",0.0370,"Healthy Eating, Street Food",Bengaluru,36,female,Kannada,93000,,,"ZipRide, QuickKart, ChaiCraft"
Omkar Shah,instagram.com/omkarshah,IG,"6,96,249","322,774",1.97%,"Comedy, Stand-Up",Nagpur,20-24,male,Marathi,2.1L,54k,,QuickKart
Shreya P.,shreya_gym,Instagram,"17,459","12,571",4.6%,Fitness,Secunderabad,31,F,"Telugu, Hinglish",Rs. 15000,Rs. 5000,,Pranaa Yoga Mats
Kavya Sharma,@kavyamemes.in,Instagram,70668,36.6K,6.08%,Comedy,Delhi NCR,21,F,Hindi,40000,"₹19,000",,"HomeHaat, QuickKart"
Farhan Hegde,farhan.hegde.in,Instagram,44.3K,68.4K,25.09%,foodie,Calcutta,32,male,Bengali / English,71000,,,"Tiffin Tales, Masala Mile, GlowUp App"
Harini S. 🍛,instagram.com/harinisharma,Instagram,37.8K,22261,-,"lifestyle, Daily Vlogs",Indore,23,F,"Hindi, English",13k-17k,7k,,"QuickKart, ChaiCraft, ZipRide"
Diya Singh,diya.makeup67,Instagram,"7,974",4261,0.0563,Beauty,Kolkata,22,F,"Bengali, Hindi","₹6,500",2k-3k,,HomeHaat
Jatin Naidu,jatin_delh,Instagram,"46,448","29,782",4.82%,Makeup / Skincare,New Delhi,24,Male,Hindi / Hinglish,"₹17,000","₹4,500",,QuickKart
Rohan Pillai,rohan.pillai55,Instagram,"49,66,361","2,838,035",0.0169,"Comedy, Stand-Up",Delhi,28,Male,Hindi,Rs. 2550000,805000,,ChaiCraft
Gaurav Ansari,https://instagram.com/gaurav.ansari?utm_source=qr,Instagram,4.8K,4.3K,-,food,Surat,26,male,Gujarati / Hinglish / Hindi,3k-4k,"₹1,000",,
Siddharth Reddy,instagram.com/siddharth.phones,insta,14215,"2,791",2.77%,Technology,Navi Mumbai,28,Male,Marathi,2000,500,,
The Vikram Show,@vikram_pune_official,YouTube,"99,056",18.9K,0.0515,Fashion,Poona,28,Male,Marathi / Hindi,"₹24,000",Rs. 10000,39k-53k,
AMAN REDDY,instagram.com/aman_reddy,insta,55257,,0.0470,Gadgets,Ahmedabad,26,male,Gujarati,30k-40k,9k-13k,,"HomeHaat, PixelPhone, CircuitKart"
VIVAAN CREATES,https://www.instagram.com/vivaan./?igsh=MW4860,Instagram,17661,3.9K,4.99%,home decor,Secunderabad,37,male,Telugu / English / Hindi,"₹5,500",2k-3k,,"GlowUp App, ZipRide"
Bhubaneswar Gaming Diaries 🧿,mohitstreams97,insta,46.7K,"38,888",0.0560,Gaming,Bhubaneswar,25,Male,Odia,DM for rates,6k-8k,,ChaiCraft
The Kavya Show,kavya_daily,Instagram,"7,21,240","2,57,074",1.61%,"Vlogs, Daily Vlogs",New Delhi,20,female,Hindi / English,"₹215,000","₹105,000",,HomeHaat
Dev C.,https://www.youtube.com/@dev_kolk,YT,23.7K,"3,896",0.0342,Investing,Kolkata,27,M,Bengali / Hinglish,3k,"₹1,000","₹9,000",CoinKaro
Ishaan Sharma,https://www.instagram.com/ishaan.guru_official/?igsh=MW1118,Instagram,"68,019",25090,0.0181,"Tech, Phones",Gurugram,27,male,"Hindi, Hinglish",Rs. 32000,"₹16,000",,
Kunal Iyer,instagram.com/kunal_mumb,Instagram,"10,285",5.2K,0.0451,Personal Finance,mumbai,34,male,Marathi / English,"₹6,000",2k,,"StackSIP, GlowUp App, HomeHaat"
THE KABIR SHOW,https://www.youtube.com/@kabir.coim_official,YT,86802,5669,0.0221,"Yoga, Nutrition",Coimbatore,25,Male,Tamil / English / Hindi,6k,2k-3k,"₹15,000",ZipRide
Kunal I.,@kunal.delh,YouTube,861.5K,103.4K,-,Parenting,Delhi,34,male,"Hindi, Hinglish",110000,37k-49k,260000,GlowUp App
Manav Bose,instagram.com/manav_,insta,"36,861",7.1K,1.07%,"travel vlogs, Offbeat India",Delhi NCR,33,M,Hindi / Hinglish,Rs. 3500,"₹1,000",,ChaiCraft
Riya Ansari,instagram.com/riya.dad57,insta,3273,"1,377",8.78%,Mom Blogger,Indore,33,F,Hindi,1500,₹500,,ZipRide
Yash Hegde,https://www.instagram.com/yashchen/?igsh=MW8907,Instagram,77.2K,"40,847",3.12%,gym,Madras,32,M,"Tamil, Hindi","₹27,000","₹11,000",,
Diya Gupta,instagram.com/diya.delh16,IG,4.5K,1038,0.0462,Lifestyle,Delhi,23,female,Hindi,1500,500,,"ChaiCraft, ZipRide, GlowUp App"
Mohit S.,mohit.75,Instagram,"22,817",7.6K,2.92%,"Travel, Offbeat India",,27,male,"Telugu, English",5k,2000,,GlowUp App
JAIPUR FOODIE DIARIES,instagram.com/diya.jaip87,Instagram,13.2K,,6.54%,foodie,Jaipur,36,F,Hindi / Hinglish,8k,3k,,"QuickKart, ChaiCraft, Tiffin Tales"
Rishi Shah,https://instagram.com/rishi.guru9?utm_source=qr,insta,"929,528",908.6K,0.1019,"lifestyle, Daily Vlogs",Gurgaon,25,M,"Hindi, English",Rs. 380000,"₹105,000",,
Chandigarh Travel Diaries,@keerthanachan,insta,29.1K,"17,797",3.1%,"Luxury Travel, Treks",Chandigarh,31,female,"Punjabi, Hindi",16k,Rs. 6000,,StayNest
Lucknow Fashion Diaries,https://instagram.com/kabirluck70?utm_source=qr,Instagram,2622,2008,10.05%,Fashion and Accessories,Lucknow,30,male,Hindi,"₹1,500",Rs. 500,,SoleStory
Farhan Nair,youtube.com/@farhannair?si=x91,YT,4.6 lakh,173218,0.0303,"Health & Fitness, Nutrition",Navi Mumbai,28,Male,Marathi / Hindi,245000,"₹65,000",255k-345k,"GlowUp App, ZipRide, StrideOn"
The Rahul Show,https://instagram.com/rahulahme8?utm_source=qr,IG,130.7K,48130,7.29%,gym,Ahmedabad,34,Male,Gujarati / Hindi,35000,"₹17,000",,HomeHaat
Aman Bhatia 🍛,instagram.com/amanbhatia36,Instagram,"83,753",51.6K,0.0490,"Skits, Memes",Pune,21,M,Marathi,"₹38,000",,,
Tanvi Gupta,https://www.youtube.com/@tanvi.street,YT,"2,93,872","58,814",2.71%,food,Cochin,33,F,"Malayalam, English","₹74,000","₹22,000","₹97,000",Kesar Kitchen Co
Diya Creates,youtube.com/@diya.bhub?si=x73,YouTube,"172,261","11,709",0.0240,"FASHION, Menswear",Bhubaneswar,24,F,Odia,13000,4k-6k,20k-28k,"Loom & Lace, Kurtistan"
Tara Pandey,https://www.youtube.com/@tara.pandey.in,YouTube,"13,400",848,3.97%,"Singer, Indie",Bengaluru,25,F,Kannada,"₹1,500",₹500,1000,HomeHaat
Dad Life with Sameer,instagram.com/sameer_dad74,insta,65540,"17,370",0.0357,"Mom Blogger, Dad Life",Bangalore,36,male,"Kannada, Hindi",16k,5k,,
SAI MALHOTRA,https://www.instagram.com/sai_koch_official/?igsh=MW4477,IG,18.9K,"5,927",4.38%,Finance,Cochin,26,M,Malayalam / English,"₹4,000",2k,,ZipRide
Sneha Bhatia 🏔️,youtube.com/@sneha._official?si=x41,YouTube,"2,690",0.6K,7.8%,Skincare,Gurgaon,25,female,Hindi,1500,500,"₹2,000",DewDrop Naturals
Delhi Beauty Diaries,https://www.instagram.com/sanapillai_official/?igsh=MW5990,insta,4.8K,2951,6.59%,Skincare,Delhi,24,F,"Hindi, Hinglish",Rs. 2500,1000,,UrbanGlow
Rohan Pandey,@rohanmumb89,YT,9018,1.7K,5.72%,gym,mumbai,31,Male,Marathi,"₹1,500",500,"₹4,000",
Kritika Chauhan,@kritikanails.in,YouTube,5.9K,546,3.11%,"beauty and self care, Nails",Calcutta,24,female,Bengali / English,1k,500,1k-2k,GlowUp App
Siddharth Khan,@siddharthcars,Instagram,63652,"36,546",0.0598,Bikes,Kolkata,25,Male,Bengali / English / Hindi,51000,18k,,ChaiCraft
Farhan Verma,@farhanstreetwear_official,Instagram,23994,15336,3.18%,Fashion,Hyderabad,23,Male,Telugu / English,12k,4k,,Kurtistan
Mehak Khan,youtube.com/@mehak.in?si=x39,YT,"1,84,812",29.5K,2.08%,Yoga,mumbai,36,Female,"Marathi, Hinglish, Hindi",Rs. 20000,8k,"₹49,000",
Riya Gupta,https://www.instagram.com/riya_gupta/?igsh=MW7385,IG,277.4K,,3.73%,Parenting,New Delhi,39,F,Hindi,"₹40,000",11k-15k,,"GlowUp App, HomeHaat"
Swati Pillai,https://www.instagram.com/swati_dad/?igsh=MW1397,insta,"4,028",3.0K,7.25%,Mom Blogger,Madras,,female,Tamil / Hinglish / Hindi,DM for rates,DM for rates,,"GlowUp App, QuickKart"
Gaurav Mehta,https://www.instagram.com/gaurav_/?igsh=MW5861,Instagram,"24,416","10,219",4.0%,Bikes,Kochi,30,M,Malayalam / Hindi,Rs. 6500,2k-3k,,ChaiCraft
Ishita D.,https://www.instagram.com/ishitadeshpande/?igsh=MW2652,Instagram,"3,122","1,288",4.18%,"finance tips, Startups",Cochin,34,female,Malayalam,"₹1,500",500,,LedgerLite
Nisha A.,https://www.instagram.com/nishaskincare_official/?igsh=MW9328,Instagram,4.3K,1204,-,Skincare,Hyderabad,25,F,Telugu / Hinglish / Hindi,1k-2k,,,"HomeHaat, QuickKart"
Kunal Rao,instagram.com/kunal.rao33,Instagram,"3,392",,-,"Skits, Stand-Up",Jaipur,27,Male,"Hindi, Hinglish",1500,,,QuickKart
Baking with Varun,instagram.com/varun_mehta36,Instagram,6311,1.6K,-,Healthy Eating,Hyderabad,32,Male,Telugu,1k,₹500,,SnackRiot
Mumbai Tech Diaries,youtube.com/@aarav.pc_official?si=x99,Youtube,26742,6.1K,4.56%,"Technology, Pc Builds",Navi Mumbai,20-24,Male,Marathi / English,6000,Rs. 3000,DM for rates,
Vivaan P.,https://instagram.com/vivaan_patel?utm_source=qr,insta,60759,"31,218",3.52%,Wellness,Bombay,27,male,Marathi / English / Hindi,19k-25k,,,ChaiCraft
The Meera Show,youtube.com/@meera_.in?si=x70,YT,10.1K,"6,575",16.13%,Healthy Eating,Madras,27,Female,Tamil,"₹5,500",,"₹13,000","ZipRide, Kesar Kitchen Co"
Aditi Naidu,https://www.instagram.com/aditi.healthy.in/?igsh=MW8424,IG,5.1 lakh,,2.05%,"food, Healthy Eating",Gurgaon,,Female,"Hindi, English",DM for rates,"₹95,000",,"SnackRiot, ZipRide, QuickKart"
MEHAK NAIR,@mehak.healthy_official,IG,"3,934",1836,-,Street Food,Calcutta,28,Female,Bengali / Hindi,"₹1,500",Rs. 500,,ChaiCraft
Nisha Deshpande 💫,https://www.instagram.com/nishadeshpande/?igsh=MW1882,Instagram,"3,062",4481,40.92%,"Mom Blogger, Kids Activities",Jaipur,30-34,F,Hindi / English,"₹4,500",1k,,
SNEHA MISHRA,https://www.instagram.com/snehapersonal35/?igsh=MW7680,Instagram,"19,321","11,180",1.99%,"Finance, Personal Finance",BLR,39,female,Kannada,"₹16,000","₹4,500",,"GlowUp App, StackSIP, HomeHaat"
Ishaan Gupta,@ishaan_gupta,Youtube,"91,339",28.8K,5.03%,"Tech, Gadgets",Jaipur,25,male,Hindi,Rs. 34000,Rs. 12000,82k,PixelPhone
Rishi Das,@rishi_das_official,Instagram,"2,406",0.8K,0.0951,"Funny, Stand-Up",Lucknow,20,M,Hindi / English,"₹1,500",₹500,,GlowUp App
Rohan Verma,@rohan.verma65,IG,"1,94,945",162.7K,6.72%,"travel vlogs, Treks",,26,male,Malayalam,62k-84k,Rs. 32000,,"Wanderly, HomeHaat, GlowUp App"
Kolkata Comedy Diaries,instagram.com/arnavrelatable,Instagram,"8,16,396","6,97,441",0.0373,Skits,Kolkata,25,Male,"Bengali, English",Rs. 525000,145k,,"ChaiCraft, GlowUp App, ZipRide"
Rishi Saxena 👩‍🍳,rishibridal_official,Instagram,79960,"24,410",0.0313,FASHION,Cochin,23,M,Malayalam,23k-31k,,,HomeHaat
Chennai Foodie Diaries,https://instagram.com/kritika__official?utm_source=qr,Instagram,"4,537","2,661",0.1021,Healthy Eating,Chennai,30,female,Tamil / Hinglish,3k,1000,,"BrewBerry, Kesar Kitchen Co, QuickKart"
The Lavanya Show,instagram.com/lavanya_delh_official,Instagram,18.6K,4.4K,-,food,Delhi,37,F,Hindi,"₹4,500","₹2,000",,"Kesar Kitchen Co, SnackRiot, GlowUp App"
The Simran Show,@simran.streetwear,YouTube,138.9K,"32,440",2.37%,fashion & lifestyle,Surat,25,F,Gujarati / Hinglish / Hindi,Rs. 31000,DM for rates,62000,
Yash G.,https://instagram.com/yash_gupta?utm_source=qr,Instagram,4080,"1,780",7.46%,"Bikes, Cars",Jaipur,27,M,Hindi,2k-3k,DM for rates,,ChaiCraft
Rohan Singh,https://instagram.com/rohan.singh12?utm_source=qr,IG,121.0K,19.6K,2.3%,Video Gaming,Chandigarh,21,M,"Punjabi, English, Hindi","₹17,000",6k-8k,,
Anjali Banerjee,youtube.com/@anjali_banerjee?si=x95,YouTube,"42,767",8.6K,2.92%,"Video Gaming, Streams",Jaipur,23,F,"Hindi, Hinglish",4000,1500,13000,"QuickKart, HomeHaat"
Delhi Dance Diaries,@aanya.hegde.in,IG,13.2K,2.7K,3.88%,"Dance, Bollywood Dance",New Delhi,20-24,female,"Hindi, English",2500,,,"GlowUp App, QuickKart"
Rohan Malhotra,rohankoch86,IG,11.6K,"4,498",0.0654,Gadgets,Cochin,24,M,Malayalam,"₹3,000","₹1,000",,
Rohan Cooks,@rohan,Instagram,269511,,2.66%,"Recipes, Baking, Restaurant Reviews",Delhi,32,male,Hindi,69k-93k,,,
Relatable with Varun,varun.in,Instagram,2976,0.7K,0.0785,"Skits, Relatable",Ahmedabad,23,Male,"Gujarati, English, Hindi",1k,₹500,,"ChaiCraft, QuickKart, ZipRide"
Rashi Ansari,https://www.youtube.com/@rashi.stand-up_official,YouTube,71584,32744,7.12%,"Comedy, Stand-Up",,31,female,Punjabi / English,11k-15k,Rs. 5500,58k,QuickKart
Sai Reddy 💫,@saistartups.in,Instagram,72.4K,50.8K,-,Investing,Ahmedabad,32,male,"Gujarati, English","₹76,000",,,"ChaiCraft, StackSIP, QuickKart"
Vikram Banerjee,https://www.instagram.com/vikram_chan/?igsh=MW4493,Instagram,2159,983,3.3%,Music,Chandigarh,29,male,"Punjabi, Hinglish","₹1,500",₹500,,"HomeHaat, GlowUp App, ZipRide"
Aishwarya Creates,@aishwarya.coim,IG,"52,75,593",1.1M,0.0168,"Fashion and Accessories, Bridal",Coimbatore,25,female,"Tamil, Hinglish","₹1,100,000","₹525,000",,"Kurtistan, Loom & Lace"
Harsh Das,https://instagram.com/harsh.49?utm_source=qr,IG,19.4K,15486,-,"Tech, Pc Builds",Bhubaneswar,29,M,"Odia, Hinglish",27k,9k,,GlowUp App
Lavanya Arora,https://instagram.com/lavanya.arora_official?utm_source=qr,insta,3065,1.0K,1.8%,Restaurant Reviews,Secunderabad,34,female,Telugu,1500,500,,"ZipRide, Crunchwala, QuickKart"
Sneha Mehta,@snehacoim.in,IG,"109,400","21,860",0.0257,home decor,Coimbatore,39,female,"Tamil, Hinglish, Hindi",20k-26k,9500,,
Wander with Karthik,https://www.youtube.com/@karthik_.in,YT,"75,632",21692,0.0408,"Backpacking, Offbeat India",Madras,25,M,Tamil / Hinglish / Hindi,Rs. 16000,6500,49k-67k,"Wanderly, StayNest"
PRANAV I.,@pranav_mumb,YT,2155628,"5,48,427",0.0151,Lifestyle,Navi Mumbai,27,Male,Marathi,DM for rates,"₹91,000",1450k,"QuickKart, GlowUp App, ChaiCraft"
Kids Activities with Lavanya,@lavanyachauhan.in,Instagram,67.2K,40.3K,0.0251,Parenting,Nagpur,35,Female,"Marathi, English",36k-48k,17k,,
Simran Saxena,https://www.youtube.com/@simran.mumb28,YT,5.2K,1.4K,0.0347,travel vlogs,Bombay,23,F,Marathi,1500,,"₹3,000","HomeHaat, TrailBharat, YatraBag"
Siddharth Singh,instagram.com/siddharth._official,Instagram,22.1K,15558,0.0437,Tech,Lucknow,25,male,Hindi / English,16k,6000,,"GlowUp App, QuickKart, ZipRide"
Rashi Banerjee,instagram.com/rashi_banerjee.in,insta,"5,456","1,970",4.81%,Fashion and Accessories,,22,female,Hindi,1500,₹500,,QuickKart
Aishwarya Iyer,@aishwarya.iyer_official,YouTube,"10,713",1286,2.66%,Travel,BLR,32,female,Kannada / Hindi,2k,"₹1,000",2k-3k,"ZipRide, HomeHaat"
Sneha Banerjee,instagram.com/sneha.mumb86,IG,2.0K,0.2K,3.96%,Fashion,Mumbai,22,F,Marathi,1500,500,,"ZipRide, UrbanDhaaga, Kurtistan"
Mohit Mishra,mohitupsc,IG,2249,0.8K,4.35%,education,Bangalore,31,Male,"Kannada, English, Hindi",1500,Rs. 500,,HomeHaat
Aditya Verma,@adityaverma3,YouTube,3.1 lakh,55.2K,2.32%,"Vlogs, Daily Vlogs",mumbai,29,Male,"Marathi, Hinglish","₹56,000","₹22,000",150k,"HomeHaat, ChaiCraft"
Aishwarya Pillai,aishwarya.koch43,insta,59.4K,"12,684",1.93%,"Luxury Travel, Backpacking",,30,Female,"Malayalam, English",7k-9k,3k-4k,,
Kabir V.,kabir_mom.in,insta,13362,7.2K,0.0447,"Mom Blogger, Mom Life",Bombay,38,M,Marathi / English,"₹8,000",2k-3k,,"ChaiCraft, GlowUp App, QuickKart"
Aanya N.,aanya._official,Instagram,6.7K,3546,0.0518,"Music, Indie",Bangalore,26,Female,Kannada / English,1500,500,,"GlowUp App, HomeHaat"
Jatin Shah,@jatinmumb,YT,4075619,,0.0138,food,Navi Mumbai,,M,"Marathi, Hinglish, Hindi",155000,36k-48k,4.2L,GlowUp App
"Name only, no link",,,,,,,,,,,,,,
Karthik Khan,@karthik.chen,insta,23.5K,"6,431",3.31%,Tech,Chennai,21,M,Tamil,"₹4,000","₹1,500",,"PixelPhone, ZipRide"
Karan Saxena,instagram.com/karansaxena_official,IG,"51,823",46538,4.8%,Investing,Jaipur,33,male,Hindi,"₹61,000","₹25,000",,"ZipRide, LedgerLite"
Aditya Patel,@adityaskits62,Instagram,373.7K,222.8K,-,"Funny, Skits",New Delhi,21,male,Hindi / English,Rs. 115000,31k-43k,,HomeHaat
Aishwarya Saxena,https://instagram.com/aishwarya_saxena?utm_source=qr,insta,467816,202.8K,0.0302,Fashion and Accessories,Bangalore,19,Female,Kannada,2.1L,"₹98,000",,SoleStory
The Tara Show,@taramumb_official,IG,9.9 lakh,"498,648",2.97%,"Yoga, Nutrition",Bombay,25,female,Marathi / English / Hindi,610k,195k,,Pranaa Yoga Mats
Payal S.,@payal_beng65,Instagram,88.5K,"97,961",12.84%,Singer,Bengaluru,28,Female,Kannada / Hinglish,Rs. 61000,"₹30,000",,
Ishita Creates,@ishita_khan,insta,1.3 lakh,56.8K,1.92%,"Dance, Bollywood Dance",New Delhi,28,F,Hindi / English,"₹26,000",7k,,ChaiCraft
Vikram Pillai,youtube.com/@vikram.pillai?si=x88,YT,321.8K,18.2K,0.49%,"Lifestyle, Daily Vlogs",Coimbatore,21,M,Tamil,Rs. 16000,"₹5,000",52000,
Rohan Kulkarni,https://www.instagram.com/rohanchen/?igsh=MW3752,Instagram,"432,687",3.7 lakh,2.76%,"Video Gaming, Streams",Madras,20,Male,"Tamil, English",Rs. 265000,Rs. 130000,,
Swati Pillai,https://instagram.com/swati_dad?utm_source=qr,insta,4028,3028,0.0725,Mom Blogger,Madras,30-34,female,"Tamil, Hinglish, Hindi",2k,500,,"GlowUp App, QuickKart"
Simran Singh,@simran.singh73,Youtube,347.7K,274.1K,0.1242,"Funny, Memes",Bombay,22,female,Marathi,"₹110,000",52k,Rs. 635000,"GlowUp App, QuickKart"
Gardening with Mehak,https://instagram.com/mehakchan_official?utm_source=qr,insta,2387,"1,314",4.66%,Home Decor,Chandigarh,27,Female,Punjabi,1k,500,,"GlowUp App, HomeHaat, QuickKart"
OMKAR PATEL,https://www.youtube.com/@omkarmumb_official,YT,104.4K,"20,753",2.39%,Vlogs,Bombay,31,Male,Marathi / Hindi,"₹15,000",,35k,ZipRide
Hyderabad Gaming Diaries,https://instagram.com/vikram_official?utm_source=qr,Instagram,"46,863","8,176",0.0432,"Gaming, Streams",Hyderabad,24,Male,Telugu,4k-5k,,,"GlowUp App, ChaiCraft, HomeHaat"
Gaurav Khan,@gaurav.khan96,IG,57.9K,39.1K,4.73%,finance tips,Chennai,32,male,"Tamil, Hinglish",Rs. 71000,31k,,StackSIP
Swati Verma,instagram.com/swati_verma.in,Instagram,"12,168","7,442",3.44%,"Singer, Indie",Delhi,25,female,Hindi,"₹6,000",,,"QuickKart, ChaiCraft, GlowUp App"
Isha Creates,isha_pune_official,Instagram,342.3K,110665,-,"Fitness, Running",Poona,25,Female,Marathi,82k,24k,,"ProteinPeak, GlowUp App, ZipRide"
Zoya Chauhan,https://www.youtube.com/@zoya_hip92,Youtube,179.2K,,2.25%,Dance,Bangalore,21,Female,Kannada / Hindi,12k,3k-4k,Rs. 62000,"ChaiCraft, HomeHaat"
Kabir C.,https://www.instagram.com/kabirdelh97/?igsh=MW4722,IG,1.3M,7.0 lakh,1.18%,Gadgets,New Delhi,23,M,Hindi / English,6.8L,"₹300,000",,ChaiCraft
Nikhil K.,youtube.com/@nikhil_khan?si=x56,YT,18.8K,1661,0.0625,"Yoga, Running",Mumbai,30,male,Marathi,"₹1,500",500,"₹4,500","GlowUp App, Pranaa Yoga Mats, HomeHaat"
Shreya Iyer,https://www.youtube.com/@shreyamumb.in,YouTube,"10,972",2.5K,3.32%,Gaming,mumbai,22,Female,"Marathi, English, Hindi","₹2,000",,Rs. 6500,ZipRide
Swati Cooks,swatikapoor,insta,27.7K,26260,0.0782,Food,New Delhi,27,female,Hindi / English,27000,"₹11,000",,
Aishwarya Bhatia ✨,aishwarya.,IG,83.7K,"51,745",5.69%,"Mom Blogger, Mom Life",Delhi NCR,32,F,Hindi,"₹31,000",Rs. 10000,,QuickKart
Sameer Arora,https://instagram.com/sameer.chen?utm_source=qr,insta,"2,80,329",187.8K,2.23%,Technology,Chennai,21,male,Tamil / English,190k-260k,Rs. 97000,,"HomeHaat, Voltbuds, QuickKart"
ADITYA K.,@adityakapoor56,Instagram,2.1K,1.2K,9.17%,Baking,Bombay,24,Male,"Marathi, Hinglish",1500,500,,Masala Mile
Anjali Joshi,anjali_hyde.in,IG,"235,187",96.8K,2.26%,Comedy,Secunderabad,25,F,Telugu / Hinglish,74k,35000,,
Personal Finance with Varun,https://www.instagram.com/varun_saxena/?igsh=MW1126,IG,"5,229","1,765",10.49%,Finance,Calcutta,20-24,M,Bengali / Hinglish,Rs. 3000,1000,,"StackSIP, ChaiCraft"
Kavya Singh,kavya_,Instagram,"6,458",4.6K,0.0699,"Beauty, Haircare",Secunderabad,25,female,Telugu / English,3k-4k,"₹1,500",,DewDrop Naturals
Classical with Nikhil,nikhilclassical,Instagram,"2,369",2144,0.0780,Singer,Madras,26,male,"Tamil, Hindi",DM for rates,500,,"ChaiCraft, HomeHaat"
Ritu J.,ritu.classical48,Instagram,"28,678",14.2K,0.0270,"Music, Classical",Guwahati,24,F,"Assamese, English","₹9,000","₹2,500",,"HomeHaat, QuickKart, ZipRide"
Lavanya A.,https://www.instagram.com/lavanya_ansari.in/?igsh=MW2145,insta,"11,812","8,708",6.57%,"Singer, Indie",Mumbai,28,F,Marathi / English,4k-5k,2k,,"GlowUp App, ZipRide"
Gaurav B.,@gauravbhatia_official,Instagram,1114914,140896,0.49%,"lifestyle, College Life",,31,Male,"Hindi, English","₹170,000","₹79,000",,"ChaiCraft, GlowUp App"
Sneha Shah,https://www.youtube.com/@sneha_delh,Youtube,3104,584,7.48%,Fashion and Accessories,Delhi NCR,25,F,"Hindi, English",1500,500,2k,"SoleStory, HomeHaat, GlowUp App"
Meera Banerjee,@meera_nails_official,IG,"72,912",33.0K,0.0143,Makeup / Skincare,Calcutta,26,F,Bengali / English / Hindi,46000,DM for rates,,"UrbanGlow, ChaiCraft"
PRANAV DESHPANDE,https://www.youtube.com/@pranav.deshpande.in,Youtube,10.7K,,4.7%,"Video Gaming, Streams",Mysuru,23,male,"Kannada, Hinglish",3k,1000,6000,
Hyderabad Tech Diaries,https://instagram.com/swati_hyde?utm_source=qr,Instagram,2.0K,382,2.35%,Gadgets,Secunderabad,25,female,Telugu,1k,500,,
Rashi N.,https://www.instagram.com/rashi.gadgets.in/?igsh=MW4271,insta,66540,,6.01%,"Technology, Gadgets",mumbai,32,female,Marathi / Hinglish,"₹59,000",21k,,"ChaiCraft, PixelPhone"
Farhan Bose,instagram.com/farhan_ahme,Instagram,29.7K,"23,600",5.23%,"Lifestyle, Minimalism",Ahmedabad,28,M,"Gujarati, Hindi",24000,"₹8,500",,ChaiCraft
Meera S.,https://www.instagram.com/meera.singh23/?igsh=MW8846,Instagram,25.2K,"15,866",4.37%,Parenting,BLR,31,F,Kannada,12000,"₹3,000",,QuickKart
Naveen Banerjee,@naveen_banerjee34,IG,"7,46,156",161997,2.35%,education,Hyderabad,23,M,"Telugu, Hinglish",105k,"₹29,000",,GlowUp App
Zoya Arora,youtube.com/@zoya.beng77?si=x30,YouTube,200.8K,40703,1.57%,"Vlogs, Daily Vlogs",Bangalore,22,Female,Kannada / English / Hindi,Rs. 50000,"₹21,000","₹62,000","HomeHaat, ZipRide, ChaiCraft"
Swati Joshi,@swatidelh,Instagram,"1,47,44,861",48.6 lakh,0.97%,"Fashion, Thrift",,23,female,Hindi,Rs. 2500000,1050k,,QuickKart
Pune Fashion Diaries,instagram.com/pranavbridal,Instagram,75.6K,,5.55%,"Fashion and Accessories, Bridal",Pune,30,M,"Marathi, English",Rs. 46000,"₹12,000",,"Kurtistan, Loom & Lace, ChaiCraft"
Shreya Saxena,@shreyasaxena_official,Instagram,65782,39.6K,3.76%,parenting,Secunderabad,33,Female,"Telugu, English","₹41,000",,,"ChaiCraft, QuickKart"
Nisha Gill,https://www.instagram.com/nishayoga/?igsh=MW3908,IG,280.8K,117.9K,0.0210,"Fitness, Yoga",Chandigarh,30,F,"Punjabi, Hinglish","₹69,000","₹26,000",,"ChaiCraft, QuickKart, GlowUp App"
Nisha Das,https://www.instagram.com/nisha.das/?igsh=MW4992,IG,29.0K,26.1K,5.32%,"education, Coding",Bombay,27,F,"Marathi, English","₹31,000",10000,,
Pranav Kulkarni 💫,https://instagram.com/pranavkulkarni66?utm_source=qr,Instagram,4.0K,"3,472",0.0778,Investing,Lucknow,32,male,Hindi / Hinglish,1k-2k,,,
Aarav Hegde,https://www.youtube.com/@aarav.beng,Youtube,"8,593",949,0.0658,"lifestyle, College Life",BLR,22,male,Kannada,"₹1,500",,1000,GlowUp App
Anjali Singh,anjali.kids,IG,28.7K,21.7K,-,Kids Activities,Kochi,31,F,Malayalam / English,15k-21k,7k-10k,,QuickKart
FARHAN R.,@farhan_jaip36,insta,28.0K,19640,0.0324,Vlogs,Jaipur,26,Male,Hindi,6k-8k,2k-3k,,
Nisha Mehta,nisha_official,Instagram,"8,68,810","315,033",0.0214,Gaming,Bangalore,21,F,"Kannada, Hindi",Rs. 345000,94k-125k,,ZipRide
NEHA RAO,https://www.instagram.com/nehaluxury30/?igsh=MW5750,IG,3.1K,"2,294",6.68%,Luxury Travel,BLR,24,Female,"Kannada, Hinglish",3000,"₹1,000",,"QuickKart, TrailBharat"
KARTHIK ANSARI,https://instagram.com/karthikjaip?utm_source=qr,insta,"30,937",25403,0.0653,Comedy,Jaipur,22,male,Hindi,16k,7k,,"HomeHaat, ZipRide"
The Sai Show,@saiphones,insta,"3,118",547,5.29%,Technology,Hyderabad,23,Male,Telugu / English / Hindi,"₹1,500",500,,GlowUp App
Meera Patel,https://www.instagram.com/meera_thrift.in/?igsh=MW5627,insta,40613,21518,0.0355,Thrift,Jaipur,25,F,Hindi / Hinglish,Rs. 21000,8500,,"Kurtistan, HomeHaat"
Kabir Chauhan,@kabirbgmi_official,YT,4736,,6.28%,"Gaming, Bgmi",Calcutta,17,male,Bengali,"₹1,500",500,2k,"ChaiCraft, GlowUp App"
Bridal with Vikram,@vikram.rao_official,YT,6386881,,2.06%,FASHION,Coimbatore,21,Male,Tamil,31.0L,Rs. 1100000,"₹5,350,000","SoleStory, ZipRide"
Arnav Joshi 🧿,youtube.com/@arnav.gadgets86?si=x95,Youtube,7412,"1,043",0.0782,"Technology, Gadgets",Secunderabad,24,male,"Telugu, English, Hindi","₹1,500",₹500,DM for rates,GlowUp App
Arjun Shah,https://instagram.com/arjunshah?utm_source=qr,insta,"61,227",14990,0.0391,Video Gaming,Gurgaon,23,M,Hindi / English,Rs. 12000,,,HomeHaat
Vikram Malhotra,https://instagram.com/vikram.malhotra?utm_source=qr,insta,"29,097",7315,0.0281,"Yoga, Nutrition",Madras,28,male,"Tamil, Hinglish, Hindi","₹10,000",4k-5k,,Pranaa Yoga Mats
Aman Pillai,instagram.com/aman_mumb,IG,5212,3853,0.0649,Tech,Bombay,24,M,Marathi,"₹6,500",2k-3k,,
Mehak Gill 🌿,mehak.sura,Instagram,"4,248",3.0K,5.19%,"Travel, Treks",Surat,30,Female,"Gujarati, English, Hindi",1500,DM for rates,,"GlowUp App, ZipRide, StayNest"
The Vivaan Show 💄,https://www.youtube.com/@vivaan_delh,YT,28.1K,9.3K,4.39%,Funny,Delhi NCR,27,Male,Hindi,5k-7k,Rs. 1500,"₹13,000",
Priya K.,priya.beng.in,Instagram,"5,739","3,168",7.09%,Vlogs,Bengaluru,26,F,Kannada / Hinglish,Rs. 1500,,,
Nandini Patel,instagram.com/nandini.patel.in,IG,"3,486",1.2K,0.0587,"comedy skits, Stand-Up",Vizag,25,F,Telugu / Hinglish,1k,₹500,,GlowUp App
Swati Cooks,https://www.instagram.com/swatikapoor/?igsh=MW5674,insta,27.7K,"26,260",0.0782,"Food, Restaurant Reviews",New Delhi,27,F,Hindi / English,"₹27,000",,,
Gadgets with Sameer,https://www.instagram.com/sameer.ahme.in/?igsh=MW6938,IG,15.0K,,2.33%,Technology,Ahmedabad,24,male,"Gujarati, Hinglish",6000,DM for rates,,ZipRide
Keerthana B.,https://www.instagram.com/keerthanabose_official/?igsh=MW7923,insta,1.1M,459098,0.0200,Skincare,Calcutta,26,female,Bengali,"₹435,000",Rs. 200000,,
Manav Singh,@manavsingh69,Instagram,227.2K,"68,458",0.0173,"Investing, Crypto",Delhi NCR,25,male,Hindi / Hinglish,60k,"₹21,000",,"GlowUp App, StackSIP"
Payal Deshpande,https://www.instagram.com/payal.deshpande_official/?igsh=MW9918,Instagram,36008,18.9K,3.29%,"Recipes, Baking",Chandigarh,27,female,Punjabi / English / Hindi,20k-26k,Rs. 11000,,"Tiffin Tales, ZipRide"
Sana Patel,@sanapatel_official,YouTube,64.4K,9.2K,4.09%,"Lifestyle, College Life",Hyderabad,25,Female,Telugu / English,Rs. 6500,"₹2,500",9k-13k,ChaiCraft
Neha D.,neha_jaip.in,Instagram,"856,657",347.3K,0.0390,"comedy skits, Stand-Up",Jaipur,23,female,Hindi,"₹325,000",,,"QuickKart, ChaiCraft, ZipRide"
Divya Pandey,@divya_regional.in,YouTube,"46,434",4.5K,0.0576,"Food & Cooking, Regional Cuisine",New Delhi,29,F,Hindi / Hinglish,3k,"₹1,000","₹5,500",HomeHaat
RASHI KHAN,https://instagram.com/rashi_khan79?utm_source=qr,Instagram,2804514,1.7M,2.07%,beauty and self care,Gurgaon,25,female,"Hindi, English",965k,"₹460,000",,HomeHaat
Omkar Mehta,@omkardelh_official,YT,13.3K,"3,755",3.24%,Finance,Delhi NCR,40,male,"Hindi, English",Rs. 5500,Rs. 2000,"₹7,000",
Payal Chauhan,payal_jaip21,IG,1946020,1.2M,0.0136,Thrift,Jaipur,,F,Hindi,910k,420k,,"ZipRide, HomeHaat, UrbanDhaaga"
TANVI GILL,instagram.com/tanvi..in,Instagram,233689,"1,23,677",0.0236,Dance,Bangalore,28,F,Kannada / English,120000,Rs. 44000,,HomeHaat
Priya Iyer,https://instagram.com/priya__official?utm_source=qr,insta,65.0K,"21,495",4.28%,Food & Cooking,Visakhapatnam,25,Female,Telugu / English,24000,8k,,"GlowUp App, Masala Mile, Tiffin Tales"
Keerthana J.,https://instagram.com/keerthana_mumb?utm_source=qr,IG,"27,494",12408,0.0293,home decor,Bombay,27,Female,Marathi,14k,6k-8k,,QuickKart
Yash Creates,yash.gym,IG,130407,22.2K,0.0202,gym,Indore,26,M,Hindi / Hinglish,23k,"₹8,500",,"Pranaa Yoga Mats, ChaiCraft, GlowUp App"
KARTHIK PANDEY,https://www.instagram.com/karthik./?igsh=MW3607,Instagram,693.9K,"641,480",0.0453,comedy skits,New Delhi,23,Male,"Hindi, Hinglish",600k,"₹300,000",,"HomeHaat, ZipRide, ChaiCraft"
Arjun Naidu 💄,https://www.instagram.com/arjun_/?igsh=MW1182,IG,132540,77.2K,2.8%,Comedy,Kochi,,Male,Malayalam / Hinglish,26k-36k,"₹13,000",,ZipRide
THE NEHA SHOW,instagram.com/nehakapoor,Instagram,"210,891","44,950",0.0253,Vlogs,Bengaluru,24,F,"Kannada, Hinglish",34k-46k,15000,,GlowUp App
Nutrition with Karthik,https://www.instagram.com/karthik_chan/?igsh=MW3240,Instagram,38.0 lakh,1985521,0.0143,Yoga,Chandigarh,28,Male,Punjabi / English,DM for rates,5.5L,,"QuickKart, FitBharat Nutrition"
Sameer Deshpande,https://www.instagram.com/sameerdeshpande.in/?igsh=MW5937,Instagram,"2,659",0.6K,7.16%,"Fitness, Running",Bengaluru,34,M,Kannada / Hindi,1500,₹500,,"GlowUp App, StrideOn"
Isha Kulkarni,youtube.com/@isha.startups97?si=x91,Youtube,"4,709","1,815",0.0791,Investing,Navi Mumbai,38,F,Marathi,"₹2,500",₹500,"₹4,000",PaisaWise
Gaurav Chatterjee 💄,@gaurav.chatterjee16,IG,"87,500",,3.01%,"Gaming, Mobile Gaming",Jaipur,25,M,Hindi / English,35k,"₹13,000",,"ChaiCraft, HomeHaat"
Mohit Patel,mohit_.in,insta,"23,146",10173,15.15%,"Luxury Travel, Offbeat India",Gurgaon,25,male,Hindi,"₹13,000",4k,,
Priya P.,@priya.chen_official,Instagram,8.4K,"4,241",0.0843,foodie,Chennai,,F,"Tamil, Hinglish",4k,"₹2,000",,"ChaiCraft, ZipRide, HomeHaat"
Rishi Saxena,rishibridal_official,IG,79960,24410,0.0313,FASHION,Cochin,23,Male,Malayalam,"₹27,000",12000,,HomeHaat
Anjali P.,@anjali_nails_official,IG,"88,501",,2.74%,"Beauty, Nails",Delhi,23,female,"Hindi, English",71000,28k,,"Blush Bazaar, DewDrop Naturals, ZipRide"
Amritsar Family Diaries,https://www.instagram.com/aishwarya_amri_official/?igsh=MW2622,Instagram,"636,023","427,003",0.0218,"parenting, Mom Life",Amritsar,34,F,Punjabi / English,4.3L,185k-245k,,HomeHaat
Zoya Creates,zoya.coding,Instagram,"86,497","12,773",2.79%,education,Bombay,28,Female,Marathi / English,"₹4,500",,,"HomeHaat, ChaiCraft"
Pooja Rao,https://instagram.com/poojarao.in?utm_source=qr,Instagram,31.2K,24.1K,0.0532,fashion & lifestyle,Pune,30,female,Marathi / Hinglish / Hindi,16000,"₹7,500",,
The Rohan Show,@rohanhaircare,YT,62.9K,4217,1.88%,"Skincare, Haircare",Kolkata,21,M,Bengali / Hindi,"₹3,500","₹1,500","₹12,000",GlowUp App
Delhi Fashion Diaries,https://instagram.com/anjalidelh?utm_source=qr,Instagram,"6,816",2091,7.03%,Fashion and Accessories,Delhi,23,Female,Hindi,1k,500,,"QuickKart, HomeHaat, ChaiCraft"
Harini Deshpande,youtube.com/@harini.science?si=x91,YT,"752,871",,3.56%,"Education, Science",Amritsar,30,female,Punjabi / English,67k-91k,,"₹295,000",
Nisha Chatterjee,youtube.com/@nisha_jaip48?si=x28,YT,2124,268,7.91%,"Home Decor, Diy",Jaipur,35,F,Hindi / English,1500,,DM for rates,"QuickKart, HomeHaat"
Ritu G.,ritu97,Instagram,13.9K,"5,109",3.72%,Mom Blogger,Calcutta,32,F,"Bengali, English",4k,DM for rates,,QuickKart
Manav G.,https://instagram.com/manav.crypto_official?utm_source=qr,Instagram,"145,139","22,264",0.0134,Personal Finance,Madras,27,Male,"Tamil, Hindi","₹16,000",7k,,"GlowUp App, PaisaWise, ZipRide"
The Farhan Show 🌸,https://www.instagram.com/farhan.chatterjee/?igsh=MW4594,IG,"27,289","7,941",0.0396,"Singer, Classical",Kochi,21,Male,"Malayalam, Hinglish, Hindi",Rs. 4000,"₹1,500",,
Naveen Pandey,naveenkolk,Instagram,15.8K,,4.31%,"Cars, Bikes",Calcutta,30,male,Bengali / English,Rs. 11000,5k,,"HomeHaat, QuickKart, ZipRide"
Minimalism with Ishaan,@ishaanminimalism,YouTube,106.1K,9268,3.77%,Lifestyle,Kolkata,22,Male,Bengali / Hindi,7000,"₹3,000",14k-20k,QuickKart
The Sana Show,https://www.instagram.com/sana.in/?igsh=MW6532,insta,14.3K,7.6K,1.98%,,Gurugram,,female,Hindi / English,"₹9,000",DM for rates,,ChaiCraft
Meera A.,youtube.com/@meera.?si=x30,Youtube,"3,338",0.4K,0.0701,"Food & Cooking, Restaurant Reviews",Madras,,F,Tamil,Rs. 1500,500,500,Masala Mile
Sana Pillai,https://instagram.com/sanaahme?utm_source=qr,IG,"9,605",2467,0.0530,"Dance, Classical Dance",Ahmedabad,,Female,Gujarati,1500,₹500,,"QuickKart, ChaiCraft"
Kabir Pillai,instagram.com/kabir.college_official,Instagram,4277,"3,313",0.0620,Vlogs,Gurgaon,21,male,Hindi / Hinglish,Rs. 3000,1k,,"ZipRide, GlowUp App"
Meera Ansari,youtube.com/@meera_ansari?si=x45,YouTube,949486,194054,0.0214,"travel vlogs, Treks",New Delhi,28,F,Hindi,68k-92k,"₹34,000","₹620,000",
Tara Deshpande,instagram.com/tara.gadgets,IG,44376,"24,295",0.0212,"Tech, Gadgets",,22,F,"Malayalam, Hinglish",35k,14k,,"Voltbuds, PixelPhone, HomeHaat"
Vivaan B.,https://www.instagram.com/vivaan_bhatia66/?igsh=MW6574,Instagram,2.7 lakh,"1,27,965",3.47%,"Skits, Stand-Up",Ahmedabad,20,M,"Gujarati, Hindi",94k-125k,49k,,
SIMRAN NAIR,instagram.com/simran_pune38,Instagram,61.9K,20.0K,3.53%,Baking,Poona,31,F,Marathi,12000,2k-3k,,"ChaiCraft, Tiffin Tales"
Kavya S.,youtube.com/@kavya.pune_official?si=x74,YouTube,2.4 lakh,43.5K,1.28%,home decor,Pune,37,female,Marathi / Hinglish,"₹24,000","₹9,000",Rs. 105000,"ZipRide, QuickKart, GlowUp App"
Priya Malhotra,https://www.youtube.com/@priyamalhotra,YT,"1,212,157",141.6K,0.0141,"Skincare, Makeup",Visakhapatnam,28,Female,"Telugu, English",165k,"₹70,000",325k-445k,DewDrop Naturals
Pranav Joshi,instagram.com/pranav_,insta,"19,353","14,742",4.1%,Thrift,Poona,24,M,Marathi / English,8500,3k-4k,,"Kurtistan, UrbanDhaaga"
Keerthana Hegde,keerthana_hegde.in,IG,11744,6.2K,6.36%,,Ahmedabad,30,F,Gujarati / English,"₹5,000","₹2,000",,GlowUp App
Vivaan Arora,instagram.com/vivaan.mumb_official,insta,7.0K,4742,5.57%,"finance tips, Personal Finance",Navi Mumbai,27,male,Marathi / Hinglish,7k,3k-4k,,"CoinKaro, QuickKart"
NANDINI MENON,@nandini_kolk.in,Youtube,74862,"7,145",5.02%,Fashion and Accessories,Kolkata,23,female,Bengali / Hindi,"₹9,000",,"₹12,000","GlowUp App, Loom & Lace"
Neha D.,https://www.instagram.com/neha_jaip.in/?igsh=MW2863,Instagram,856.7K,"3,47,323",3.9%,"comedy skits, Stand-Up",Jaipur,20-24,female,Hindi,Rs. 325000,76k-105k,,"QuickKart, ChaiCraft, ZipRide"
Simran Pillai,youtube.com/@simran_official?si=x80,Youtube,2590,820,5.96%,Education,Cochin,39,female,Malayalam,1500,,1k,
Vikram H. 🌸,instagram.com/vikramamri35,IG,2.7K,953,0.0788,Comedy,Amritsar,24,M,Punjabi / Hindi,Rs. 1500,₹500,,"HomeHaat, ChaiCraft, ZipRide"
Regional Cuisine with Lavanya,@lavanyabeng,Instagram,22.9K,18.8K,4.95%,Food & Cooking,BLR,26,female,"Kannada, Hinglish",15000,"₹7,500",,QuickKart
Wander with Neha,@neha_malhotra,Youtube,11.6K,3198,0.0668,Luxury Travel,Pune,27,F,"Marathi, English",2k-3k,"₹1,000","₹6,500",
Anjali K.,https://www.instagram.com/anjali_kulkarni_official/?igsh=MW6735,insta,48918,35100,5.12%,"Gadgets, Pc Builds",Surat,22,F,Gujarati / Hinglish,25000,"₹7,500",,"Voltbuds, ZipRide"
Tushar M.,youtube.com/@tushardelh?si=x33,YT,8641,1.1K,0.0992,food,Delhi NCR,27,Male,Hindi,1500,500,3000,BrewBerry
Ahmedabad Lifestyle Diaries ✨,youtube.com/@nisha_.in?si=x29,YT,"21,305",5.0K,5.5%,Vlogs,Ahmedabad,,female,Gujarati,6k,,"₹9,000","HomeHaat, GlowUp App"
Anjali Mehta,@anjali_bridal_official,insta,2600,,0.0750,FASHION,Poona,,female,"Marathi, English",2k-3k,"₹1,000",,
Mehak Verma,https://instagram.com/mehak_delh?utm_source=qr,Instagram,30.7K,18.2K,2.8%,Beauty,Delhi,21,F,Hindi / Hinglish,"₹21,000",Rs. 10000,,"HomeHaat, ZipRide, GlowUp App"
Shreya G.,instagram.com/shreyastreetwear_official,Instagram,103094,"27,657",1.11%,Fashion and Accessories,New Delhi,26,F,Hindi / Hinglish,25k,7000,,"ZipRide, QuickKart"
Manav Chatterjee,@manav_regional.in,YT,291.5K,,3.05%,Street Food,Hyderabad,35,male,"Telugu, English",51k,"₹17,000",100k-140k,"BrewBerry, Masala Mile, QuickKart"
Kabir B.,https://www.youtube.com/@kabirluxury84,Youtube,5.0K,784,0.0552,"Travel, Luxury",Bombay,32,male,Marathi / Hindi,1k,₹500,Rs. 2000,
The Mehak Show,https://instagram.com/mehak.mumb?utm_source=qr,IG,"202,886",36.2K,3.38%,Healthy Eating,Mumbai,24,female,"Marathi, Hinglish, Hindi","₹21,000","₹6,000",,Crunchwala
Kabir Saxena,instagram.com/kabir_relatable,insta,2.9K,1419,0.1081,,Bengaluru,25,M,"Kannada, Hindi",1k,,,"HomeHaat, GlowUp App"
Omkar I.,instagram.com/omkar.delh.in,insta,"640,815","2,74,453",2.76%,Bikes,,27,M,"Hindi, Hinglish",240k-320k,Rs. 110000,,GlowUp App
Mohit C.,https://www.instagram.com/mohit_chatterjee/?igsh=MW8456,Instagram,4458,3.2K,5.37%,"Video Gaming, Valorant",Bangalore,19,Male,Kannada / Hinglish / Hindi,2k-3k,1000,,"ZipRide, QuickKart, ChaiCraft"
Arjun Saxena 💄,https://www.youtube.com/@arjun.saxena,YT,643.3K,"1,39,130",1.48%,comedy skits,,30-34,M,Kannada / Hindi,120k,"₹51,000",Rs. 245000,"GlowUp App, ZipRide"
Sai Creates,saibeng19,Instagram,"61,245",16.5K,4.52%,Luxury Travel,Bangalore,26,male,Kannada / English,12k-16k,,,
MANAV ANSARI,https://www.youtube.com/@manav_ansari_official,YouTube,"11,447",2.1K,2.82%,"Bikes, Ev",Navi Mumbai,32,Male,"Marathi, English",1500,500,4k-5k,GlowUp App
Harini J. 🌸,https://instagram.com/harinijoshi24?utm_source=qr,Instagram,"38,418",28.7K,4.87%,Beauty,Mumbai,25,F,"Marathi, Hinglish, Hindi","₹23,000",10000,,"Blush Bazaar, Haldi Lab"
NAVEEN GILL,https://www.instagram.com/naveen_gill/?igsh=MW4870,Instagram,9154,4482,6.38%,Lifestyle,Chandigarh,25,Male,Punjabi / Hindi,4k-6k,,,ZipRide
Rohan N.,https://www.instagram.com/rohannair/?igsh=MW9871,Instagram,"70,595","19,700",4.33%,Streams,Nagpur,26,M,"Marathi, Hinglish",8k-12k,3k-4k,,"HomeHaat, GlowUp App, QuickKart"
Rashi N.,instagram.com/rashi.gadgets.in,insta,"66,540",36.9K,0.0601,Technology,mumbai,32,F,"Marathi, Hinglish","₹59,000",Rs. 21000,,"ChaiCraft, PixelPhone"
Shreya Shah 🌸,@shreya_shah38,YouTube,"3,020",1.2K,9.62%,"Recipes, Baking",Mumbai,26,Female,"Marathi, English",Rs. 1500,₹500,1500,"Crunchwala, GlowUp App, ChaiCraft"
Meera R.,meera.mumb80,Instagram,532.4K,196.3K,2.82%,Food & Cooking,Navi Mumbai,34,F,"Marathi, Hinglish, Hindi",250k,"₹76,000",,"ZipRide, Tiffin Tales, HomeHaat"
Divya Mehta,https://instagram.com/divya_minimalism21?utm_source=qr,Instagram,"35,114",15.0K,0.0536,,Mysuru,22,Female,Kannada / Hinglish,"₹9,000",,,GlowUp App
Gaurav Nair,instagram.com/gauravcollege3,IG,13.1K,9.8K,3.42%,"Lifestyle, College Life",Hyderabad,27,M,Telugu / Hinglish,10k,4k-5k,,
Pooja Mehta,poojaoffbeat85,Instagram,346181,"3,81,601",0.0918,Luxury Travel,Bhubaneswar,30,F,Odia,Rs. 470000,220000,,TrailBharat
STAND-UP WITH TARA,https://instagram.com/tarastand-up_official?utm_source=qr,Instagram,4.1K,1423,9.28%,Stand-Up,Mumbai,23,female,Marathi,Rs. 1500,500,,"QuickKart, ChaiCraft"
Sneha Saxena,@snehasaxena.in,Instagram,"20,301","4,378",3.77%,Fashion and Accessories,Pune,21,F,"Marathi, Hindi","₹2,500","₹1,000",,"QuickKart, ChaiCraft, SoleStory"
Diya Gupta,https://www.instagram.com/diya.delh16/?igsh=MW9825,Instagram,"4,483",1038,4.62%,Lifestyle,Delhi,23,Female,Hindi,Rs. 1500,500,,"ChaiCraft, ZipRide, GlowUp App"
Ishita B.,ishitabeng_official,Instagram,"51,804","33,865",0.0287,Beauty,Bangalore,20,female,Kannada,18k-24k,"₹9,500",,UrbanGlow
Yash Menon,yash.pc,Instagram,15213,"7,646",0.0308,Gadgets,Mumbai,32,M,Marathi / Hinglish,12k,"₹4,500",,
The Ritu Show,https://www.youtube.com/@ritumumb,Youtube,87.7K,"11,157",3.94%,"foodie, Street Food",Bombay,25,F,Marathi / English,"₹13,000",Rs. 6000,33000,"BrewBerry, Masala Mile"
The Riya Show,youtube.com/@riyamenswear_official?si=x80,YouTube,729.9K,"34,219",1.71%,"Fashion, Menswear",Bangalore,29,Female,Kannada / English,DM for rates,"₹10,000",53k,"QuickKart, SoleStory, ChaiCraft"
Aditi Joshi,https://instagram.com/aditidiy?utm_source=qr,Instagram,85.2K,43373,3.46%,Home Decor,,36,Female,"Hindi, Hinglish","₹22,000",8k,,ZipRide
Karan Creates,https://www.instagram.com/karan.memes20/?igsh=MW5433,Instagram,"5,541","3,795",0.0752,Skits,Madras,22,male,Tamil,DM for rates,1500,,
Sana Chatterjee 🔥,https://www.instagram.com/sana.chatterjee51/?igsh=MW4096,Instagram,"121,324",73939,0.0323,"travel vlogs, Backpacking",Guwahati,33,Female,"Assamese, English, Hindi",Rs. 96000,37000,,"GlowUp App, YatraBag"
GURUGRAM TRAVEL DIARIES,karan_,IG,5.4K,1639,5.69%,Luxury Travel,Gurugram,25,Male,Hindi,1500,,,
Nisha Gupta,https://instagram.com/nisha.guru_official?utm_source=qr,IG,22.7K,7611,2.38%,"Tech, Phones",Gurugram,27,F,Hindi,4k-6k,Rs. 1500,,"GlowUp App, ZipRide, CircuitKart"
Kavya P.,https://www.youtube.com/@kavyamakeup.in,Youtube,"60,809","14,664",4.75%,"Beauty, Makeup",Delhi NCR,24,F,"Hindi, English",18000,"₹6,500",41k,HomeHaat
The Rohan Show,https://www.youtube.com/@rohanhaircare,YouTube,62855,"4,217",1.88%,"Skincare, Haircare",Kolkata,20-24,male,Bengali / Hindi,3k,"₹1,500","₹12,000",GlowUp App
Nandini B.,nandini._official,Instagram,25.4K,"5,461",-,"parenting, Kids Activities",mumbai,30-34,F,"Marathi, English",5k,"₹2,000",,"ChaiCraft, QuickKart"
The Zoya Show,youtube.com/@zoyabose.in?si=x47,YouTube,5280,1.1K,4.21%,Singer,,20-24,F,"Telugu, Hindi",1k,500,"₹3,000","QuickKart, HomeHaat, ChaiCraft"
Kabir Malhotra,@kabirrunning,Instagram,2116,0.7K,4.93%,"gym, Running",Bombay,24,Male,Marathi,"₹1,500",500,,HomeHaat
PRANAV BOSE,@pranav_college_official,IG,39031,15960,3.65%,"lifestyle, College Life",Mysore,32,Male,Kannada / Hindi,6k,1k-2k,,HomeHaat
Kritika Mishra,@kritikainvesting.in,Instagram,51615,19.4K,0.0528,Finance,Delhi NCR,29,female,Hindi / English,25000,,,HomeHaat
Sai Naidu,instagram.com/sairelatable,Instagram,"87,497",42775,2.06%,Comedy,Bombay,23,male,Marathi / English,"₹32,000",13000,,
Vivaan G.,vivaan_gill62,Instagram,2.8K,2133,7.4%,Dance,Delhi NCR,19,Male,Hindi,2k,1000,,"GlowUp App, HomeHaat"
Isha Bhatia,@ishacollege28,Instagram,105267,17.7K,0.0184,"lifestyle, College Life",Nagpur,27,Female,"Marathi, Hinglish",Rs. 20000,"₹9,000",,ZipRide
Mumbai Foodie Diaries,tanvi48,insta,2.8M,1665324,3.03%,Healthy Eating,mumbai,32,F,Marathi,"₹2,000,000",,,SnackRiot
Harsh Deshpande,https://instagram.com/harsh_healthy_official?utm_source=qr,Instagram,"11,997","6,175",4.21%,Food & Cooking,BLR,32,male,"Kannada, Hinglish, Hindi",5500,"₹2,000",,Kesar Kitchen Co
Simran Pandey,simran_beng39,Instagram,4.5K,,10.41%,Street Food,Bangalore,,F,Kannada,2500,,,"SnackRiot, Crunchwala, BrewBerry"
Aishwarya A.,https://www.instagram.com/aishwarya_arora9/?igsh=MW4142,Instagram,24.6K,9938,5.32%,Makeup / Skincare,Visakhapatnam,27,F,"Telugu, Hinglish",8k-11k,4500,,ChaiCraft
Vivaan Menon,@vivaanhome.in,Instagram,"85,765","44,870",7.68%,"foodie, Home Cooking",Bombay,27,M,"Marathi, Hinglish",31000,Rs. 9500,,GlowUp App
Payal Arora,@payal.arora,IG,23328,"8,004",0.0539,foodie,Surat,28,F,Gujarati / English,3k,1000,,ChaiCraft
Sameer D.,https://instagram.com/sameer_phones_official?utm_source=qr,IG,"25,427","14,295",3.73%,"Tech, Phones",mumbai,29,male,"Marathi, English",23000,Rs. 8000,,
Karan Joshi,youtube.com/@karan.joshi?si=x70,YouTube,13.2K,1876,0.0348,Mom Blogger,Hyderabad,33,male,Telugu,"₹1,500",500,Rs. 5500,
Rahul R.,https://www.instagram.com/rahul.rao/?igsh=MW8259,Instagram,12.0K,"4,530",4.59%,Singer,Hyderabad,24,M,Telugu,3500,1k,,
Bengaluru Gaming Diaries,https://instagram.com/adityavalorant55?utm_source=qr,insta,3282,0.9K,0.0872,"Gaming, Valorant",Bangalore,19,Male,Kannada / English,1500,500,,HomeHaat
Manav Shah,https://instagram.com/manav.nails.in?utm_source=qr,insta,"322,031","256,987",2.56%,"beauty and self care, Nails",Delhi NCR,21,male,Hindi,4.0L,155k,,Blush Bazaar
Naveen Chatterjee,naveen_decor_official,insta,20.9K,7267,0.0315,Home Decor,Bhubaneswar,32,male,"Odia, English","₹7,500",Rs. 3500,,HomeHaat
Ishita Sharma,instagram.com/ishita_sharma.in,insta,"78,051",47228,4.1%,beauty and self care,New Delhi,23,Female,Hindi,73k,30k-40k,,ChaiCraft
Tara Patel,youtube.com/@tarakoch.in?si=x25,YouTube,376202,120.3K,0.0353,Hip Hop,Kochi,29,female,Malayalam / Hinglish,37k-49k,DM for rates,"₹245,000","ChaiCraft, QuickKart, HomeHaat"
Bengaluru Foodie Diaries,harini_singh_official,IG,2053,1273,4.76%,"Recipes, Baking, Street Food",Bengaluru,25,female,"Kannada, Hinglish",1500,500,,
Varun C.,@varun_,insta,4.4K,2777,4.54%,"lifestyle, Minimalism",,26,M,Hindi / Hinglish,"₹3,500",1k,,"GlowUp App, ZipRide"
Manav V.,@manavamri.in,Youtube,11558,800,4.97%,"foodie, Regional Cuisine",Amritsar,37,M,"Punjabi, English",Rs. 1500,500,1k-2k,"Tiffin Tales, Crunchwala, BrewBerry"
Aanya Bose,instagram.com/aanyabose.in,Instagram,3.2M,19.5 lakh,0.0240,"foodie, Regional Cuisine",BLR,28,female,Kannada / English,725k,335000,,"Masala Mile, HomeHaat, BrewBerry"
Karan C.,https://www.youtube.com/@karanchen,YouTube,"12,027",1.5K,3.95%,"Tech, Pc Builds",Madras,24,male,Tamil,1500,₹500,2k-3k,"NovaBook, HomeHaat"
Mehak Naidu,https://www.youtube.com/@mehak_pune.in,Youtube,1593099,"4,37,514",1.95%,Street Food,Pune,27,F,"Marathi, Hindi",380000,115000,465k-625k,ZipRide
The Aditya Show,https://instagram.com/aditya._official?utm_source=qr,IG,47162,20.8K,0.0435,Skincare,Hyderabad,23,male,Telugu,Rs. 23000,7k-10k,,
KAVYA G.,https://instagram.com/kavyamumb?utm_source=qr,IG,21699,3.9K,0.0489,"Funny, Memes",mumbai,21,F,"Marathi, English",2k,500,,GlowUp App
Tanvi Banerjee,https://instagram.com/tanviskits.in?utm_source=qr,Instagram,3.5K,"2,480",9.05%,Funny,Ahmedabad,27,female,Gujarati,2k-3k,1k,,"GlowUp App, ChaiCraft, HomeHaat"
Riya Kapoor,youtube.com/@riyakapoor?si=x90,Youtube,9.6K,3.2K,6.58%,Street Food,Mumbai,29,F,"Marathi, English",3k,,4k,"Masala Mile, BrewBerry, ZipRide"
Zoya J.,@zoyadelh,insta,53026,13.6K,3.13%,"Recipes, Baking, Home Cooking",New Delhi,35,female,Hindi / Hinglish,"₹6,500","₹2,500",,ZipRide
WANDER WITH AANYA,instagram.com/aanyabose_official,IG,14.5K,7.1K,1.74%,"Luxury Travel, Road Trips",Madras,28,Female,Tamil,"₹3,500",,,QuickKart
Farhan H.,farhan..in,Instagram,3.1 lakh,"59,505",2.92%,"foodie, Baking",Navi Mumbai,34,M,Marathi / Hinglish,31k-43k,13k,,QuickKart
Aditya R.,https://www.youtube.com/@aditya.makeup_official,YT,2785082,3.0 lakh,0.0218,Makeup,Chennai,22,Male,Tamil,275000,73k-99k,865000,"Blush Bazaar, UrbanGlow"
Simran Bose,instagram.com/simran_yoga.in,insta,20.3K,9.3K,4.26%,gym,Ahmedabad,27,F,Gujarati / English,Rs. 8000,"₹2,000",,"HomeHaat, QuickKart, ZipRide"
The Harini Show,@harini_.in,YouTube,80.8K,7284,4.17%,"gym, Running",mumbai,26,F,Marathi,Rs. 7500,"₹2,500",13k-17k,"Pranaa Yoga Mats, FitBharat Nutrition, ZipRide"
NAVEEN I.,instagram.com/naveenpc23,IG,"87,493","41,835",2.52%,Pc Builds,Pune,28,Male,"Marathi, Hinglish",Rs. 46000,18k,,CircuitKart
Aarav Saxena,aarav.pune26,insta,22.9K,14174,4.28%,Singer,Pune,24,M,"Marathi, English, Hindi",15000,7k,,"QuickKart, GlowUp App"
Sameer C.,instagram.com/sameer_.in,IG,"54,871",26051,0.0660,"Food, Street Food",Bangalore,39,Male,Kannada / English / Hindi,32k,12000,,QuickKart
Payal Arora 📸,https://www.instagram.com/payal.arora/?igsh=MW5566,IG,23.3K,"8,004",5.39%,foodie,Surat,28,F,Gujarati / English,Rs. 3000,1k,,ChaiCraft
Pooja S.,pooja.science,IG,"90,78,661",1.9M,0.88%,"education, Science",New Delhi,25,F,Hindi / English,"₹1,900,000",455k-615k,,GlowUp App
Upsc with Harini 💫,https://www.youtube.com/@harini__official,YT,"739,816","143,255",0.0363,Education,Poona,38,female,"Marathi, English","₹120,000",,2.5L,ZipRide
The Aanya Show,https://instagram.com/aanya.nair44?utm_source=qr,Instagram,"12,741",2.9K,2.72%,Fitness,Chennai,29,F,"Tamil, Hinglish",2k,500,,"ProteinPeak, HomeHaat"
Nisha Chatterjee,@nisha_jaip48,YT,"2,124",268,7.91%,"Home Decor, Diy",Jaipur,35,female,Hindi / English,1500,500,₹500,"QuickKart, HomeHaat"
Aman Pillai,instagram.com/aman_mumb,Instagram,5.2K,3.9K,6.49%,Tech,Bombay,24,Male,Marathi,6k,,,
Mehak C.,instagram.com/mehak_skincare.in,insta,146291,86.3K,0.0190,Makeup / Skincare,,26,female,Hindi,105k,38k-52k,,ZipRide
