Creator Name,Profile Link,Platform,Followers,Category,City,Engagement %
Shemaroo Filmi Gaane,youtube.com/channel/UCP6uH_XlsxrXwZQ4DlqbqPg/videos,,"6,11,00,000",,Bangalore,
Techno Gamerz,youtube.com/channel/UCX8pnu3DYUnx8qy8V_c6oHg/videos,,"2,81,00,000",Gaming,Hyderabad,0.9%
Sonam Kapoor Ahuja,@sonamkapoor,,35300000,fashion & lifestyle,Ahmedabad,0.49
Kajol Devgan,https://www.instagram.com/kajol/?igsh=MWx848,IG,16100000,Acting & Drama,Gurgaon,1.82%
Shakti Mohan,@mohanshakti,IG,1.8 crore,film,New Delhi,1.55%
mc stδn,instagram.com/m___c___stan,,"11,100,000",entertainment & music,BLR,13.19%
Harsh Beiwal,youtube.com/channel/UCVmEbEQUGXHVm-O9pqa3JWg/videos,youtube,15000000,,Indore,10.3%
Virat Kohli,https://www.instagram.com/virat.kohli/?igsh=MWx287,IG,267.1M,sports,Cochin,0.02%
MC STΔN,https://m.instagram.com/m___c___stan/,IG,"1,11,00,000",Entertainment,Cochin,13.19%
No Link Person,,,,,,
Alia Bhatt,https://m.instagram.com/aliaabhatt/,IG,83700000,Actor,Bengaluru,0.02
Sushant Singh Rajput,@sushantsinghrajput,IG,13100000,Entertainment,Vizag,19.81
Narendra Modi,instagram.com/narendramodi,instagram,"87,300,000",,BLR,2.23%
Speed Records,youtube.com/channel/UCOsyDsO5tIt-VZ1iwjdQmew/videos,,4.1 crore,Singer,,
Goldmines,youtube.com/channel/UCyoXW-Dse7fURq30EWl_CUA/videos,YT,72000000,,New Delhi,
Garima Chaurasia,https://instagram.com/gima_ashi?utm_source=ig_web,instagram,15100000,Fashion,Jaipur,1.4%
Jannat Zubair Rahmani,https://www.instagram.com/jannatzubair29/?igsh=MWx236,,49300000,Entertainment,Lucknow,0.81%
DM - Desi Melodies,https://www.youtube.com/channel/UC783dnzJqf2ghHp_pFLYbGA,,"14,000,000",,Vizag,
Bad numbers,@bad_numbers_demo,Instagram,lots,,,
Riteish Deshmukh,instagram.com/RITEISHD,IG,15.6M,Entertainment,,1.32%
Onine Job,youtube.com/channel/UCL3IoeeHKzWMxZxhmnmETjw/videos,Youtube,"1,35,00,000",,Lucknow,
Stubborn Facts,https://www.youtube.com/channel/UCJZ5gFXzSZ9i-R1HEnS8U_A,,17300000,,Kolkata,
Tamannaah Bhatia,https://m.instagram.com/tamannaahspeaks/,instagram,"2,21,00,000",Entertainment,Lucknow,2.22
Goldmines Gaane Sune Ansune,youtube.com/channel/UCtW7qWjpCZ8zps-Cf2NF26w/videos,Youtube,"3,56,00,000",,,
Hanain khan,https://instagram.com/hasnaink07?utm_source=ig_web,,13.3M,Fashion,Calcutta,0.1
MyMissAnand,https://www.youtube.com/channel/UCpCWa9f5_J3PqY-_Lg-_QfQ,,13200000,,BLR,0.2%
Kiddiestv Hindi - Nursery Rhymes & Kids Songs,https://www.youtube.com/channel/UCvEAgG7WzPZnZkf9iOV_YCg,Youtube,1.7 crore,,Madras,
Mazhavil Manorama,youtube.com/channel/UCUPD0jQo-EP0B1Nf4uzeIMA/videos,YT,14.0M,,Vizag,
Lotus Music,https://www.youtube.com/channel/UCJeeXUtsKBj89Ra1nszP4JQ,YT,1.3 crore,music,Chennai,
Sonakshi Sinha,https://www.instagram.com/aslisona/?igsh=MWx563,,"2,80,00,000",beauty and self care,Kochi,0.53%
T-Series Hamaar Bhojpuri,https://www.youtube.com/channel/UCpN-WGQgGsOrXm7nHXDdTDA,,"12,600,000",,Hyderabad,
Video not channel,https://youtu.be/dQw4w9WgXcQ,YouTube,,,,
Voot Kids,youtube.com/channel/UCJg19noZp7-BYIGvypu_cow/videos,YT,39300000,,New Delhi,
Keerthy Suresh,@keerthysureshofficial,IG,1.4 crore,Acting & Drama,mumbai ,2.47%
Surya Kumar Yadav (SKY),https://m.instagram.com/surya_14kumar/,instagram,"1,29,00,000",Beauty,Delhi NCR,6.57
KL Rahul,https://www.instagram.com/klrahul/?igsh=MWx419,Instagram,12.3M,Cricket,Hyderabad,4.0
Anaysa,youtube.com/channel/UCuN4A3GCUq5-0wJDSiJoxRQ/videos,YT,1.3 crore,Fashion,Pune,0.1%
Armaan Malik,https://m.instagram.com/armaanmalik/,,14200000,entertainment & music,Vizag,1.04%
T-Series Apna Punjab,youtube.com/channel/UCcvNYxWXR_5TjVK7cSCdW-g/videos,,33600000,,Pune,
Faisal Shaikh,instagram.com/mr_faisu_07,,"32,000,000",Entertainment,New Delhi,1.39%
Yami Gautam Dhar,https://m.instagram.com/yamigautam/,,17.0M,Acting & Drama,BLR,0.39%
Akshay Kumar,https://instagram.com/akshaykumar?utm_source=ig_web,Instagram,68300000,entertainment & music,mumbai ,0.02%
Salman Khan,https://instagram.com/beingsalmankhan?utm_source=ig_web,instagram,69200000,entertainment & music,Cochin,1.59
Dangal TV Channel,https://www.youtube.com/channel/UCNzmmbXIbMzlqE8nD1PBXfg,YT,17300000,,Delhi NCR,
Prajapati News,https://www.youtube.com/channel/UCl_Ksy6Yi1b4eEZ46FInb_w,,"1,61,00,000",,,
Total Gaming,https://www.youtube.com/channel/UC5c9VlYTSvBSCaoMu_GI6gQ,Youtube,33.6M,Video Gaming,Hyderabad,0.2
दीपिका पादुकोण,@deepikapadukone,IG,78900000,Entertainment,Bangalore,2.18%
John Abraham,https://www.instagram.com/thejohnabraham/?igsh=MWx193,Instagram,11900000,Entertainment,Ahmedabad,0.64%
Sony SAB,https://www.youtube.com/channel/UC6-F5tO8uklgE9Zy8IvbdFw,youtube,69200000,,Chandigarh,
Stubborn Faacts,youtube.com/channel/UCJZ5gFXzSZ9i-R1HEnS8U_A/videos,youtube,"17,300,000",,Bombay,
akshay kumar,https://www.instagram.com/akshaykumar/?igsh=MWx273,IG,68.3M,entertainment & music,Pune,0.02
Aaj Tak,https://www.youtube.com/channel/UCt4t-jeY85JegMlZ-E5UWtA,YT,"5,40,00,000",,Bombay,
And TV,youtube.com/channel/UCxJcrDUc8awRSLzLbnIiAmQ/videos,,15700000,,BLR,
infobells - Telugu,youtube.com/channel/UCHvoq_rGmOKJKGId1nD1V4Q/videos,YT,26500000,,Jaipur,
vijay deverakonda,@thedeverakonda,Instagram,21200000,entertainment & music,Vizag,4.23
YamiGautam Dhar,https://www.instagram.com/yamigautam/?igsh=MWx260,,1.7 crore,Acting & Drama,Pune,0.39
Online Job,https://www.youtube.com/channel/UCL3IoeeHKzWMxZxhmnmETjw,YT,13500000,,Mumbai,
abp news,youtube.com/channel/UCRWFSbif-RFENbBrSiez1DA/videos,YT,"3,35,00,000",,Kochi,
T-Series,https://www.youtube.com/channel/UCq-Fj5jknLsUf-MWSy4_brA,Youtube,234000000,,Gurgaon,
Sahil KKhan,https://www.instagram.com/sahilkhan/?igsh=MWx477,Instagram,"1,10,00,000",Fitness,Mumbai,1.15%
Suresh Raina,https://instagram.com/sureshraina3?utm_source=ig_web,Instagram,26800000,sports,Chandigarh,0.93
Ultra Movie Parlour,youtube.com/channel/UCYauDsl-rswjQGpA0_-Z9Pw/videos,YT,20.8M,,Kochi,
Sidharth Malhotra,https://m.instagram.com/sidmalhotra/,IG,25800000,entertainment & music,Bengaluru,3.07
Mahesh Babu,https://instagram.com/urstrulymahesh?utm_source=ig_web,,11800000,Actor,Chandigarh,5.1%
Heidi & Zidane बच्चों की कहानिियाँ,youtube.com/channel/UCC9Iz-AebxsyVF4iZagOtwA/videos,,18900000,,Mumbai,
Health Time,https://www.youtube.com/channel/UCPMqs8vxEwbie26nFA3ykAw,YT,12600000,,Bengaluru,
Zareen Khan,https://instagram.com/zareenkhan?utm_source=ig_web,Instagram,14700000,Entertainment,Gurgaon,0.96%
Ayusshmann Khurrana,@ayushmannk,IG,15600000,entertainment & music,Mumbai,1.0
ranveer singh,https://m.instagram.com/ranveersingh/,,"46,800,000",Entertainment,Delhi NCR,1.41%
Ajeyy Nagar,https://m.instagram.com/carryminati/,IG,"18,700,000",entertainment & music,Hyderabad,10.34%
SHILPA SHETTY KUNDRA,https://m.instagram.com/theshilpashetty/,,"32,200,000",Makeup / Skincare,Madras,0.57%
Riva Arora,https://instagram.com/rivarora_?utm_source=ig_web,,11500000,,Pune,0.77%
Ranveer Singh,https://m.instagram.com/ranveersingh/,Instagram,"46,800,000",Entertainment,Jaipur,1.41
t-series hamaar bhojpuri,youtube.com/channel/UCpN-WGQgGsOrXm7nHXDdTDA/videos,YT,"12,600,000",,Kochi,
NARENDRA MODI,@narendramodi,Instagram,"87,300,000",,Pune,2.23
Wow Kidz Action,https://www.youtube.com/channel/UCCyKsYaRi62axS-kasXW7wA,Youtube,1.7 crore,,,
RKD Studios,https://www.youtube.com/channel/UCjBwQ6M9QyCgO5Pp-TQRFUA,youtube,15.7M,Video Gaming,Bengaluru,
Instant Bollywood,instagram.com/INSTANTBOLLYWOOD,,21800000,Entertainment,Cochin,0.52
Allu Arjun,@alluarjunonline,Instagram,"2,48,00,000",Actor,Hyderabad,7.8%
YRF,https://www.youtube.com/channel/UCbTLwN10NoCU4WDzLf1JMOA,Youtube,48400000,,mumbai ,
Sahil Khan,@sahilkhan,,11.0M,Fitness,Madras,1.15
Zappy Toons - Hindi Nursery Rhymes and Stories,youtube.com/channel/UCcryiZdagSR9M-Oii_Y4OfQ/videos,youtube,"1,59,00,000",,Calcutta,
Vijay Deverakonda,instagram.com/thedeverakonda,IG,"2,12,00,000",Entertainment,Bengaluru,4.23
Shilpa Shetty Kundra,@theshilpashetty,instagram,32.2M,beauty and self care,New Delhi,0.57
Shruti Haasan,@shrutzhaasan,instagram,"23,600,000",entertainment & music,Bangalore,0.59
total gaming,youtube.com/channel/UC5c9VlYTSvBSCaoMu_GI6gQ/videos,YT,33600000,Gaming,Bombay,0.2%
Ram CCharan,https://m.instagram.com/alwaysramcharan/,instagram,20.8M,film,Bombay,4.26
Ajey Nagar,instagram.com/carryminati,IG,18700000,entertainment & music,Kochi,10.34%
Diljit Dosanjh,instagram.com/diljitdosanjh,IG,15200000,entertainment & music,Bombay,2.62
Heidi & Zidane बच्चों की कहानियाँ,youtube.com/channel/UCC9Iz-AebxsyVF4iZagOtwA/videos,,1.9 crore,,Indore,
Desi Music Factory,youtube.com/channel/UCLtNvbkqea8wN_kGtfgx_Mw/videos,YT,"3,30,00,000",,mumbai ,1.8
Anaaysa,https://www.youtube.com/channel/UCuN4A3GCUq5-0wJDSiJoxRQ,YT,13.2M,fashion & lifestyle,Poona,0.1
Green Gold TV - Official Channel,https://www.youtube.com/channel/UCiBigY9XM-HaOxUc269ympg,,"1,87,00,000",,Mumbai,
Tecchnical Guruji,youtube.com/channel/UCOhHO2ICt0ti9KAh-QHvttQ/videos,YT,"2,22,00,000",,Hyderabad,
Madhuri Dixit,https://m.instagram.com/madhuridixitnene/,IG,33100000,Entertainment,Bangalore,0.59%
Some Creator,https://www.instagram.com/p/C8xYz12AbCd/,Instagram,,,,
Infobells,https://www.youtube.com/channel/UCU_AsfgtKjwR4qaSwgsWn-w,YT,"13,500,000",,Chandigarh,
Hina Khan,@realhinakhan,,19.0M,entertainment & music,New Delhi,0.76%
Ram Charan,@alwaysramcharan,IG,20.8M,Actor,,4.26%
DM - Desi elodies,https://www.youtube.com/channel/UC783dnzJqf2ghHp_pFLYbGA,youtube,14000000,,Lucknow,
Malaika Arora,https://www.instagram.com/malaikaaroraofficial/?igsh=MWx854,IG,"18,700,000",gym,Vizag,0.61%
Shehnaaz Gill,https://instagram.com/shehnaazgill?utm_source=ig_web,IG,"17,700,000",entertainment & music,Mumbai,3.64
Ajay Devgn,https://www.instagram.com/ajaydevgn/?igsh=MWx575,Instagram,"1,08,00,000",Acting & Drama,mumbai ,2.12
SONAKSHI SINHA,https://instagram.com/aslisona?utm_source=ig_web,instagram,"2,80,00,000",beauty and self care,Calcutta,0.53
Infobbells,youtube.com/channel/UCU_AsfgtKjwR4qaSwgsWn-w/videos,YT,13500000,,Madras,
Legacy YT user,https://www.youtube.com/user/tseries,YouTube,,,,
Bollywood Classics,youtube.com/channel/UCRm96I5kmb_iGFofE5N691w/videos,youtube,"3,27,00,000",,Hyderabad,
Hasnain khan,https://instagram.com/hasnaink07?utm_source=ig_web,IG,"13,300,000",Fashion and Accessories,Chandigarh,0.1%
Volga Video,youtube.com/channel/UCIeNlITYK46VkR7yIuTL8GQ/videos,youtube,"1,50,00,000",,Bangalore,
Disha Patani (paatni),instagram.com/DISHAPATANI,Instagram,61.0M,Acting & Drama,BLR,0.61
Stebin Ben,@stebinben,Instagram,14300000,Entertainment,Gurgaon,4.48
Gyan Gaming,youtube.com/channel/UChXi_PlJkRMPYFQBOJ3MpxA/videos,,14400000,Gaming,mumbai ,
kiddiestv hindi - nursery rhymes & kids songs,https://www.youtube.com/channel/UCvEAgG7WzPZnZkf9iOV_YCg,Youtube,16700000,,,
Hardik Himanshu Pandya,https://instagram.com/hardikpandya93?utm_source=ig_web,instagram,"2,75,00,000",Cricket,Indore,2.41
Suresh Rainna,instagram.com/sureshraina3,,26800000,Cricket,Chandigarh,0.93
Pooja Hegde,https://m.instagram.com/hegdepooja/,Instagram,24.4M,film,Delhi NCR,2.74%
Abhishek Bachchan,@bachchan,IG,"1,22,00,000",Entertainment,Gurgaon,0.35
ZEE5,https://www.youtube.com/channel/UCXOgAl4w-FQero1ERbGHpXQ,YT,13.9M,,,
Zee Telugu,youtube.com/channel/UC3PYGKK29qJ0zu-eEthHK4g/videos,Youtube,"1,27,00,000",,Jaipur,
Katrina Kaif,instagram.com/KATRINAKAIF,instagram,"79,700,000",beauty and self care,Ahmedabad,0.87
Arjun Kapoor,https://instagram.com/arjunkapoor?utm_source=ig_web,Instagram,15.1M,Acting & Drama,BLR,0.29
Wave Music,https://m.youtube.com/@bhojpuriwave,youtube,55.6M,,Bombay,
Infobells - Hindi,https://www.youtube.com/channel/UC1ciY6kR3yj3kaKZ6R7ewAg,YT,"4,66,00,000",,Lucknow,
Sun TV,https://www.youtube.com/channel/UCBnxEdpoZwstJqC1yZpOjRA,Youtube,17.6M,,Bombay,
HARBHAJAN TURBANATOR SINGH,https://m.instagram.com/harbhajan3/,instagram,13200000,Fitness,Mumbai,0.71
SriBalajiMovies,https://www.youtube.com/channel/UCoy3dQzEdq1y2zMnT4pdj3Q,,15500000,,Madras,
Zee Music Company,youtube.com/channel/UCFFbwnve3yF62-tVXkTyHqg/videos,youtube,91400000,,Gurgaon,
Sidhu Moosewala (ਮੂਸੇ ਆਲਾ),@sidhu_moosewala,,"13,900,000",Entertainment,Mumbai,23.22%
Harbhajan Turbanator Singh,@harbhajan3,IG,1.3 crore,Fitness,,0.71%
Helth Time,youtube.com/channel/UCPMqs8vxEwbie26nFA3ykAw/videos,Youtube,12600000,,mumbai ,
Voot Kidds,https://www.youtube.com/channel/UCJg19noZp7-BYIGvypu_cow,youtube,39.3M,,Lucknow,
DLS News,youtube.com/channel/UCw0ry7cLRUnq3Oaszlhgqfg/videos,youtube,19.0M,,Poona,
Sony Music South,youtube.com/channel/UCn4rEMqKtwBQ6-oEwbd4PcA/videos,YT,1.4 crore,,Delhi NCR,
Custom YT url,https://www.youtube.com/c/NishaMadhulika,YouTube,,,,
IndiaTV,https://www.youtube.com/channel/UCttspZesZIDEwwpVIgoZtWQ,Youtube,3.2 crore,,Jaipur,
Wow Kidz,youtube.com/channel/UCN8S4CqMRy6tVKVXvs7Bzeg/videos,YT,"2,76,00,000",,,
Ayushmann Khurrana,https://m.instagram.com/ayushmannk/,Instagram,15600000,Entertainment,BLR,1.0
Bhuvan Bam,https://m.instagram.com/bhuvan.bam22/,,17400000,Entertainment,Bombay,5.94%
riteish deshmukh,https://instagram.com/riteishd?utm_source=ig_web,instagram,15.6M,entertainment & music,Delhi NCR,1.32%
NitaShilimkar,instagram.com/NITA_SHILIMKAR,,"12,700,000",Makeup / Skincare,Kolkata,4.7%
MR. Indian Hacker,https://www.youtube.com/channel/UCSiDGb0MnHFGjs4E2WKvShw,YT,"29,800,000",,Gurgaon,
NishaMadhulika,https://www.youtube.com/channel/UCgoxyzvouZM-tCgsYzrYtyg,YT,13100000,,mumbai ,
ABP News,https://www.youtube.com/channel/UCRWFSbif-RFENbBrSiez1DA,,"33,500,000",,Chennai,
lotus music,https://www.youtube.com/channel/UCJeeXUtsKBj89Ra1nszP4JQ,Youtube,"1,29,00,000",Singer,Kolkata,
Harsh Beniwal,youtube.com/channel/UCVmEbEQUGXHVm-O9pqa3JWg/videos,,15000000,,Vizag,10.3%
CarryMinati,https://m.youtube.com/@carryminati,,4.2 crore,Video Gaming,Delhi NCR,9.2
Zee TV,https://www.youtube.com/channel/UCppHT7SZKKvar4Oc9J4oljQ,youtube,64.0M,,Vizag,
Technical Guruji,youtube.com/channel/UCOhHO2ICt0ti9KAh-QHvttQ/videos,youtube,2.2 crore,,Delhi NCR,
HARDIK HIMANSHU PANDYA,instagram.com/hardikpandya93,instagram,27.5M,Cricket,New Delhi,2.41%
SRK Music,youtube.com/channel/UCAH1Aw-mXgcB3t8uaqW4yTA/videos,youtube,"1,42,00,000",,Mumbai,
